source,shared_from,date,text,reactions,likes,ahah,love,wow,sigh,grrr,comments,url
Donald J. Trump,,2019-03-04,"""Today, the Democrat Party is drifting further to the extreme left than ever before, and the American people deserve an open and honest debate applying that same level of scrutiny to the radical policies Democrats are running on in the 2020 presidential election.""",10K,9.1K,272,748,36,16,47,1290,/story.php?story_fbid=10162237425640725&id=153080620724
Donald J. Trump,,2019-03-04,"President Donald J. Trump‚Äôs schedule for Monday, March 4th: -Participate in a photo opportunity with the 2018 Division I FCS National Champions: The North Dakota State Bison -Lunch with the Vice President -Receive intelligence briefing -Sign Executive Order on ‚ÄúSupporting the Transition of Active Duty Service Members and Military Veterans into the Merchant Marine‚Äù -Deliver remarks at the National Association of Attorneys General",8.6K,7.2K,216,1.1K,30,4,11,1678,/story.php?story_fbid=10162236757445725&id=153080620724
Donald J. Trump,,2019-03-04,It was my great honor to speak at CPAC. This is the future of our historic MOVEMENT!,9.2K,7.2K,242,1.7K,11,7,31,1521,/story.php?story_fbid=10162237327970725&id=153080620724
Donald J. Trump,,2019-03-04,"Socialism will NEVER Make America Great. Thank you, Ivanka!",12K,10K,439,1.7K,21,7,30,2037,/story.php?story_fbid=10162237509620725&id=153080620724
Donald J. Trump,,2019-03-03,Happy National Anthem Day!,125K,101K,1.3K,22K,146,23,57,6789,/story.php?story_fbid=10162233250960725&id=153080620724
Donald J. Trump,,2019-03-02,"""Add a new company to the list of ‚Äúbig tech‚Äù entities that have promised to cut off conservatives: PayPal.""",16K,7.6K,351,244,1.5K,325,6.1K,3010,/story.php?story_fbid=10162222220090725&id=153080620724
Donald J. Trump,,2019-03-02,"President Donald J. Trump's schedule for Saturday, March 2nd: -Deliver remarks at the Conservative Political Action Conference",11K,9.4K,359,1.6K,29,10,37,2223,/story.php?story_fbid=10162227048790725&id=153080620724
Donald J. Trump,,2019-03-04,I am working hard for our great American farmers!,9.9K,8K,294,1.5K,28,6,13,1163,/story.php?story_fbid=10162237744125725&id=153080620724
Donald J. Trump,,2019-03-02,This week my administration recognized the extraordinary contributions of African Americans to American life and we vowed to help bring freedom back to Venezuela!,11K,9.8K,320,1.6K,33,8,44,2210,/story.php?story_fbid=10162227165620725&id=153080620724
Donald J. Trump,,"Yesterday,at,6:34,AM",We are putting Americans back to work!,39K,34K,441,4.6K,66,8,29,2788,/story.php?story_fbid=10162232623110725&id=153080620724
Donald J. Trump,,2019-03-01,I am not going to sign a deal for the sake of signing a deal. We need an agreement that works and is good for the country!,21K,18K,396,2.9K,35,4,26,2390,/story.php?story_fbid=10162225252305725&id=153080620724
Donald J. Trump,,2019-03-01,"Despite the radical Democrats and their far-left proposals, America will NEVER be a socialist country!",21K,17K,720,3.2K,69,12,49,3750,/story.php?story_fbid=10162226243440725&id=153080620724
Donald J. Trump,,2019-03-01,American women want safety and security for their families. I am delivering on my promise to Make America Safe!,22K,18K,547,2.8K,35,9,39,2592,/story.php?story_fbid=10162222215080725&id=153080620724
Donald J. Trump,,2019-03-01,"""President Donald Trump‚Äôs ‚Äúpeace through strength‚Äù approach has achieved more tangible results in the past two years than all the other efforts combined.""",39K,33K,1K,4.1K,79,11,43,3039,/story.php?story_fbid=10162222983180725&id=153080620724
Donald J. Trump,,2019-03-01,The Fake News Media only cares about their radical left-wing political agenda!,19K,16K,696,946,175,332,469,2232,/story.php?story_fbid=10162222205390725&id=153080620724
Donald J. Trump,,2019-02-28,I had a very productive summit with Chairman Kim in Vietnam. But sometimes you need to be prepared to walk!,27K,23K,742,3K,75,53,45,3971,/story.php?story_fbid=10162221058185725&id=153080620724
Donald J. Trump,,2019-02-28,"Thank you for the hospitality, Vietnam!",45K,38K,598,6.4K,136,13,35,2923,/story.php?story_fbid=10162221120125725&id=153080620724
Donald J. Trump,,2019-02-27,I look forward to continuing my dialogue with Chairman Kim at the rest of our summit!,36K,31K,713,4.4K,104,15,48,4517,/story.php?story_fbid=10162217469600725&id=153080620724
Donald J. Trump,,2019-02-28,"Just visited our brave warriors at Elmendorf Air Force Base in beautiful Anchorage, Alaska. Thank you!",24K,19K,260,4.5K,55,8,26,2241,/story.php?story_fbid=10162222123800725&id=153080620724
Donald J. Trump,,2019-02-27,Our relationship with North Korea is the best it has ever been! The media WILL NOT give us credit for the progress that has been made.,37K,32K,802,4.4K,114,43,75,4088,/story.php?story_fbid=10162217492310725&id=153080620724
Donald J. Trump,,2019-02-27,Big trade deal signed with the country of Vietnam. Another huge win for America!,75K,63K,729,10K,344,12,46,4712,/story.php?story_fbid=10162217260080725&id=153080620724
Donald J. Trump,,2019-02-27,Vietnam is one of the fastest growing economies in the world. North Korea has the same wonderful potential for economic success!,26K,23K,572,2.9K,132,7,35,2510,/story.php?story_fbid=10162217390230725&id=153080620724
Donald J. Trump,,2019-02-27,"For 40 years, past presidents did NOTHING with regard to North Korea. My administration is making BIG progress!",116K,100K,2.2K,14K,298,17,83,8213,/story.php?story_fbid=10162217117900725&id=153080620724
Donald J. Trump,,2019-02-27,It is great to be with Chairman Kim again. I look forward to a successful second summit!,37K,31K,769,4.5K,133,11,63,3905,/story.php?story_fbid=10162216865880725&id=153080620724
Donald J. Trump,,2019-02-28,Great news! GDP growth increased by 3.1% year-over-year in 2018 beating expectations for the fourth quarter. This is the largest increase since 2005. America is Back!,46K,38K,682,6.6K,195,13,55,4553,/story.php?story_fbid=10162222441045725&id=153080620724
Donald J. Trump,,2019-02-26,"""The automaker says it will hire 6,500 workers and invest $4.5 billion by adding a new assembly plant in Detroit and boosting production at five existing factories.""",60K,53K,226,6.2K,815,6,22,3429,/story.php?story_fbid=10162213474230725&id=153080620724
Donald J. Trump,,2019-02-26,"""The setting of President Trump‚Äôs second summit with North Korean leader Kim Jong Un offers a symbolic reminder of how much the two leaders can accomplish.""",54K,49K,869,4K,199,14,73,3896,/story.php?story_fbid=10162214279570725&id=153080620724
Donald J. Trump,,2019-02-26,In Vietnam for my meeting with Kim Jong Un. Looking forward to a very productive Summit!,Tony Chiu and 99K others,85K,1K,12K,461,17,61,7776,/story.php?story_fbid=10162213874975725&id=153080620724
"Donald J. Trump,Daniel Scavino Jr.",Daniel Scavino Jr.,2019-02-27,En route to the Hanoi Summit earlier this evening in Vietnam....,25K,21K,216,3K,768,9,27,2072,/story.php?story_fbid=10162216764015725&id=153080620724
Donald J. Trump,,2019-02-26,Senate Democrats voted against legislation to prevent the killing of newborn infant children. The Democrat position on abortion is now so extreme that they don‚Äôt mind executing babies AFTER birth. This will be remembered as one of the most shocking votes in the history of Congress.,63K,38K,364,2.2K,956,11K,9K,9134,/story.php?story_fbid=10162213083655725&id=153080620724
Donald J. Trump,,2019-02-25,"We will be having ""A Salute To America"" gathering on July 4th in Washington, D.C. at the Lincoln Memorial. Hold the date!",42K,32K,1K,8.7K,143,9,39,3602,/story.php?story_fbid=10162210055525725&id=153080620724
Donald J. Trump,,2019-02-25,At the end of the last administration we were heading for a total disaster with North Korea! Today we have a much different situation.,35K,28K,2.1K,4.7K,61,16,44,4251,/story.php?story_fbid=10162209167315725&id=153080620724
Donald J. Trump,,2019-02-26,We are achieving extraordinary prosperity in the U.S. as a result of putting AMERICA First!,33K,27K,512,4.9K,79,6,38,2764,/story.php?story_fbid=10162212694295725&id=153080620724
Donald J. Trump,,2019-02-25,"I am pleased to report that the U.S. has made substantial progress in our trade talks with China on important structural issues including intellectual property protection, technology transfer, agriculture, services, currency, and many other issues. As a result of these very productive talks, I will be delaying the U.S. increase in tariffs now scheduled for March 1. Assuming both sides make additional progress, we will be planning a Summit for President Xi and myself, at Mar-a-Lago, to conclude an agreement. A very good weekend for U.S. & China!",28K,23K,419,3.5K,60,8,45,2600,/story.php?story_fbid=10162209198065725&id=153080620724
Donald J. Trump,,2019-02-26,"It is my honor to announce that Danny Burch, a United States citizen who has been held hostage in Yemen for 18 months, has been recovered and reunited with his wife and children.",98K,79K,246,18K,678,8,34,5210,/story.php?story_fbid=10162212867190725&id=153080620724
Donald J. Trump,,2019-02-25,I will VETO any resolution from Congress that does not allow the U.S. to have strong borders!,48K,40K,640,7.9K,65,10,99,4749,/story.php?story_fbid=10162209118225725&id=153080620724
Donald J. Trump,,2019-02-24,"For the first time, in a very long time, our country is WINNING again!",40K,33K,751,6.2K,81,12,69,4119,/story.php?story_fbid=10162190715765725&id=153080620724
Donald J. Trump,,2019-02-24,"""Anti-conservative censorship online has gone from bad to worse. As major social media platforms start to target me for censorship, I shudder to think what it means for millions of other Americans, especially as we approach the 2020 presidential campaign.""",33K,23K,612,534,1.9K,794,6.5K,4718,/story.php?story_fbid=10162201650830725&id=153080620724
Donald J. Trump,,2019-02-25,"The fake news media and radical left-wing politicians want me to fail so badly. But, I will never let the American people down!",21K,18K,498,3K,50,15,50,2649,/story.php?story_fbid=10162205121175725&id=153080620724
Donald J. Trump,,2019-02-25,"President Donald J. Trump's schedule for Monday, February 25th: -Participate in 2019 White House Business Session with Our Nation‚Äôs Governors -Depart Washington, D.C. en route to Hanoi, Vietnam",15K,12K,293,1.9K,54,2,27,2343,/story.php?story_fbid=10162206633225725&id=153080620724
Donald J. Trump,,2019-02-23,This month we honor the legacy of African Americans who bravely battled oppression to usher in a new dawn of freedom for America.,15K,12K,279,2K,31,8,48,2039,/story.php?story_fbid=10162196291415725&id=153080620724
Donald J. Trump,,2019-02-23,"This week my administration took the necessary steps to defend America's interest at home, abroad and in space!",10K,8.8K,338,1.4K,24,4,36,2133,/story.php?story_fbid=10162197169820725&id=153080620724
Donald J. Trump,,2019-02-22,MAGA!,30K,25K,682,4.2K,118,52,168,3407,/story.php?story_fbid=10162196553430725&id=153080620724
Donald J. Trump,,2019-02-22,Our economy is one of the best in history. We are doing tremendous things for American families and businesses!,12K,10K,364,1.7K,25,5,31,1842,/story.php?story_fbid=10162195562185725&id=153080620724
Donald J. Trump,,2019-02-23,"""While legal immigrants are required to receive an extensive series of inoculations, including the measles vaccine, there is no way to ensure that illegal immigrants are free from measles or other contagious diseases.""",34K,29K,368,1.2K,620,341,2.7K,4420,/story.php?story_fbid=10162197182005725&id=153080620724
Donald J. Trump,,2019-02-22,"I want 5G, and even 6G, technology in the United States as soon as possible. It is far more powerful, faster, and smarter than the current standard. American companies must step up their efforts, or get left behind. There is no reason that we should be lagging behind on something that is so obviously the future. I want the United States to win through competition, not by blocking out currently more advanced technologies. We must always be the leader in everything we do, especially when it comes to the very exciting world of technology!",38K,32K,971,4K,163,99,319,5132,/story.php?story_fbid=10162195510030725&id=153080620724
Donald J. Trump,,2019-02-22,The Fake News Media intentionally demeans the great work we are doing for the country. We will not let it get in the way of our success!,35K,30K,1K,3.6K,57,74,148,5132,/story.php?story_fbid=10162196185360725&id=153080620724
Donald J. Trump,,2019-02-22,"President Donald J. Trump's schedule for Friday, February 22nd: -Meet with the Vice Premier of the People‚Äôs Republic of China -Deliver Remarks at the Republican Governors Association event",8.9K,7.4K,226,1.1K,28,4,22,1574,/story.php?story_fbid=10162193844035725&id=153080620724
Donald J. Trump,,2019-02-21,I will keep delivering for the American people. THANK YOU! #MAGA,30K,24K,572,4.6K,34,6,47,3467,/story.php?story_fbid=10162190706120725&id=153080620724
Donald J. Trump,,2019-02-22,"""As the race for the Democratic presidential nomination heats up, the candidates have engaged in an escalating competition to claim the most radical policy agenda.""",20K,12K,5.9K,603,323,173,336,4307,/story.php?story_fbid=10162191293275725&id=153080620724
Donald J. Trump,,2019-02-21,"If we don't have a border, we don't have a country!",77K,63K,1.5K,12K,183,27,156,6794,/story.php?story_fbid=10162190755105725&id=153080620724
Donald J. Trump,,2019-02-21,"For the latest news from my campaign, subscribe to the Donald J. Trump for President podcast now! Get it on iTunes: https://itunes.apple.com/us/podcast/donald-j-trump-for-president/id1446455762 Get it on Spotify: https://open.spotify.com/show/3nyFqXR9pv5U5h2sVc0t7N Get it on Google Play: https://play.google.com/music/listen?u=0#/ps/Ivd3es5lohyatzo5rsqenyzks3q",7.7K,6.3K,335,977,22,4,40,1233,/story.php?story_fbid=10162190293950725&id=153080620724
Donald J. Trump,,2019-02-21,'Medicare for All' would be a total disaster for our country!,31K,22K,2.1K,622,514,319,4.8K,8862,/story.php?story_fbid=10162191341180725&id=153080620724
Donald J. Trump,,2019-02-21,Keep America Safe!,78K,65K,758,11K,99,19,58,7051,/story.php?story_fbid=10162191169875725&id=153080620724
Donald J. Trump,,2019-02-21,"President Donald J. Trump's schedule for Thursday, February 21st: -Receive intelligence briefing -Lunch with the Acting Secretary of the Interior -Participate in a reception for National African American History Month",9.1K,7.5K,261,1.2K,20,6,24,1664,/story.php?story_fbid=10162187828380725&id=153080620724
Donald J. Trump,,2019-02-20,The Fake News is ignoring basic journalistic standards because of their left-wing political agenda! #FakeNews #MAGA üá∫üá∏,26K,22K,871,2.6K,88,246,219,4699,/story.php?story_fbid=10162185870475725&id=153080620724
Donald J. Trump,,2019-02-20,America is winning because we are finally putting AMERICA FIRST!,19K,15K,399,3.2K,26,5,53,2951,/story.php?story_fbid=10162187620065725&id=153080620724
Donald J. Trump,,2019-02-20,"""China wants to become the world leader in artificial intelligence (AI) by 2030, and President Donald Trump is taking the necessary steps to ensure that won‚Äôt happen.""",21K,18K,863,1.9K,199,17,49,2697,/story.php?story_fbid=10162182027700725&id=153080620724
Donald J. Trump,,2019-02-20,"President Donald J. Trump's schedule for Wednesday, February 20th: -Lunch with the Secretary of State -Bilateral meeting with the Federal Chancellor of the Republic of Austria",8.2K,6.9K,245,1K,18,2,20,1690,/story.php?story_fbid=10162184207435725&id=153080620724
Donald J. Trump,,2019-02-19,Constitutional freedoms are under attack by radical left-wing politicians in America!,9.5K,7.7K,345,614,87,103,596,2000,/story.php?story_fbid=10162179642690725&id=153080620724
Donald J. Trump,,2019-02-19,"Today, I signed a directive that brought America one step closer to establishing a Space Force. The Space Force will keep Americans safe and protect the interests of our great nation!",18K,15K,688,2.4K,88,5,54,3043,/story.php?story_fbid=10162183188390725&id=153080620724
Donald J. Trump,,2019-02-19,I will continue to take my message directly to the American people and avoid the filter of the Fake News Media!,146K,125K,1.8K,19K,124,26,126,7741,/story.php?story_fbid=10162182024290725&id=153080620724
Donald J. Trump,,2019-02-19,"President Trump supports the people of #Venezuela and stands shoulder-to-shoulder with those in search of #Democracy and #Freedom in #Venezuela ‚Äî like the mother of #√ìscarPerez.  Senior Advisor John Pence habla del gran discurso de Presidente Trump, en Espa√±ol:",9.4K,7.8K,195,1.3K,23,74,34,1221,/story.php?story_fbid=10162181809390725&id=153080620724
Donald J. Trump,,2019-02-19,The world is beginning to realize that socialism is nothing more than a failed ideology that leads to total catastrophe.,18K,15K,487,2.3K,48,13,58,2720,/story.php?story_fbid=10162182347590725&id=153080620724
Donald J. Trump,,2019-02-19,Socialism has failed in Venezuela. We must never allow socialism in America!,18K,16K,361,2.3K,56,50,60,2404,/story.php?story_fbid=10162182313620725&id=153080620724
Donald J. Trump,,2019-02-18,America will NEVER be a socialist country. Obstructionist Democrats will not have it their way!,10K,8K,422,1.3K,60,33,119,2161,/story.php?story_fbid=10162166566925725&id=153080620724
Donald J. Trump,,2019-02-18,"The United States stands with the Venezuelan people in their quest for liberty, prosperity and democracy!",22K,18K,379,3.4K,49,10,64,2964,/story.php?story_fbid=10162179533895725&id=153080620724
Donald J. Trump,,2019-02-19,"President Donald J. Trump's schedule for Tuesday, February 19th: -Meeting with the Secretary of State -Meeting with the Secretary of Homeland Security -Lunch with the Vice President -Signing ceremony for Space Policy Directive 4",9.8K,8.2K,263,1.3K,29,6,17,2089,/story.php?story_fbid=10162181285030725&id=153080620724
Donald J. Trump,,2019-02-17,I fight every day to uphold American values. But the Democrats want to see me fail rather than see America succeed!,32K,26K,651,2.6K,150,2.4K,619,5303,/story.php?story_fbid=10162169107035725&id=153080620724
Donald J. Trump,,2019-02-18,"President Donald J. Trump‚Äôs schedule for Monday, February 18th: -Deliver remarks to the Venezuelan American community",10K,8.1K,415,1.4K,34,7,35,2416,/story.php?story_fbid=10162177314520725&id=153080620724
Donald J. Trump,,2019-02-16,Angel Moms have been with me since the beginning of my campaign. They understand the danger of open borders.,25K,20K,384,3.7K,40,253,79,4221,/story.php?story_fbid=10162166530295725&id=153080620724
Donald J. Trump,,2019-02-18,"In just these last few weeks, Americans understand better than ever why we need a wall at the southern border!",17K,14K,538,2.1K,35,8,68,2849,/story.php?story_fbid=10162174131080725&id=153080620724
Donald J. Trump,,2019-02-17,Ivanka Trump women‚Äôs initiative a step toward ‚ÄòAmerica First‚Äô foreign policy.,22K,19K,631,2.4K,57,14,78,2015,/story.php?story_fbid=10162174517235725&id=153080620724
Donald J. Trump,,2019-02-18,Happy Presidents' Day! #PresidentsDay2019,Markwayne Mullin and 218K others,177K,2.8K,38K,184,60,242,16291,/story.php?story_fbid=10162178744905725&id=153080620724
Donald J. Trump,,2019-02-16,Protection for American families is my highest priority. Walls work and will keep us safe!,98K,79K,508,6.1K,224,11K,689,6212,/story.php?story_fbid=10162169751605725&id=153080620724
Donald J. Trump,,2019-02-16,Many presidents before me have signed National Emergency declarations. What I signed yesterday will keep Americans safe from an invasion of our country!,55K,44K,837,9K,88,31,225,7228,/story.php?story_fbid=10162166512895725&id=153080620724
Donald J. Trump,,2019-02-16,This was a week of Making America Safe and Making America Prosperous!,17K,14K,502,2.4K,36,19,58,2276,/story.php?story_fbid=10162166806470725&id=153080620724
Donald J. Trump,,2019-02-15,"Today, I announced a National Emergency to help secure and control our southern border. This is a National Security crisis and I am solving it quickly!",85K,69K,1.1K,15K,145,45,429,12668,/story.php?story_fbid=10162166441755725&id=153080620724
Donald J. Trump,,2019-02-15,"Twitter, Facebook and Google are not for ""free expression."" They are totally biased in favor of Democrats!",51K,44K,1.8K,3.1K,359,391,1K,6997,/story.php?story_fbid=10162161377770725&id=153080620724
Donald J. Trump,,2019-02-15,"Chuck and Nancy refused to help Build the Wall and secure our border. Now, American Patriots are fighting back! Text ""WALL"" to 88022!",44K,35K,2.5K,5.9K,186,41,253,7652,/story.php?story_fbid=10162164875730725&id=153080620724
Donald J. Trump,,2019-02-11,"These are ordinary Americans, not Washington politicians, who have seen first-hand how a border wall brought safety and security back to their community.",Markwayne Mullin and 31K others,26K,553,3.9K,103,24,74,4660,/story.php?story_fbid=10162147396260725&id=153080620724
Donald J. Trump,,2019-02-11,"Join me LIVE in El Paso, TX! Great crowd for a #MAGA rally! Text TRUMP to 88022 for Campaign Updates!",Jan Morgan and 124K others,77K,1.7K,42K,418,208,1.1K,85203,/story.php?story_fbid=717737358622614&id=153080620724
Donald J. Trump,,2019-02-15,"""Israel, Gulf States Commend Kushner‚Äôs Peace Effort""",17K,15K,454,1.4K,58,8,68,1531,/story.php?story_fbid=10162164721335725&id=153080620724
Donald J. Trump,,2019-02-15,"President Donald J. Trump's schedule for Friday, February 15th: ¬∑ Deliver remarks on the national security and humanitarian crisis at     our southern border ¬∑ Receive intelligence briefing",17K,14K,500,2.3K,40,9,79,4229,/story.php?story_fbid=10162164771275725&id=153080620724
Donald J. Trump,,2019-02-11,The truth is that we have tremendous support. So many people are standing up for OUR agenda despite constant attacks from the left!,22K,18K,565,3K,55,17,70,3234,/story.php?story_fbid=10162146113945725&id=153080620724
Donald J. Trump,,2019-02-09,It‚Äôs time for Democrats to make their choice: continue political resistance and retribution or join US in fulfilling OUR vision for America. MAGA!,27K,23K,652,3.6K,58,8,97,5826,/story.php?story_fbid=10162135858215725&id=153080620724
Donald J. Trump,,2019-02-08,"My representatives have just left North Korea after a very productive meeting and an agreed upon time and date for the second Summit with Kim Jong Un. It will take place in Hanoi, Vietnam, on February 27 & 28. I look forward to seeing Chairman Kim & advancing the cause of peace!",54K,46K,915,6.3K,288,28,87,5384,/story.php?story_fbid=10162136235750725&id=153080620724
Donald J. Trump,,2019-02-08,"Working hard, thank you!",85K,69K,2K,13K,190,25,95,8931,/story.php?story_fbid=10162135874995725&id=153080620724
Donald J. Trump,,2019-02-08,"Now, we must step BOLDLY and BRAVELY into the next chapter of this great American adventure.",32K,26K,687,5.3K,52,13,61,3530,/story.php?story_fbid=10162135691250725&id=153080620724
Donald J. Trump,,2019-02-08,"My agenda is the agenda of the American people. This is OUR movement, and together, WE are making America GREAT again!üá∫üá∏",44K,34K,755,8.4K,45,15,91,4088,/story.php?story_fbid=10162104206725725&id=153080620724
Donald J. Trump,,2019-02-08,"No matter the trials we face, no matter the challenges to come, we must go forward TOGETHER to create a future of American greatness!",16K,13K,320,2.2K,22,6,32,1755,/story.php?story_fbid=10162131904915725&id=153080620724
Donald J. Trump,,2019-02-08,I will never apologize for advancing America's interests. AMERICA FIRST!,41K,33K,487,7.5K,41,8,63,3097,/story.php?story_fbid=10162127362530725&id=153080620724
Donald J. Trump,,2019-02-08,"There is no limit to what we can achieve when we put our citizens first, reject politics, and choose compromise!",Aric Chen ÊõâÂ§© and 31K others,26K,537,4.3K,45,8,37,2762,/story.php?story_fbid=10162131928635725&id=153080620724
Donald J. Trump,,2019-02-07,We stand with the people of Venezuela and we resolve that America will NEVER be a socialist country.,Markwayne Mullin and 124K others,97K,3K,24K,235,59,238,11059,/story.php?story_fbid=10162130857980725&id=153080620724
Donald J. Trump,,2019-02-07,"I'll be in El Paso, Texas for a BIG rally on Monday, February 11th at 7:00 PM MT! Get tickets!",29K,23K,508,4.5K,95,14,76,2902,/story.php?story_fbid=10162126335115725&id=153080620724
Donald J. Trump,,2019-02-07,So many Americans AGREE with our vision of American greatness!,57K,46K,957,10K,116,18,65,4295,/story.php?story_fbid=10162130669455725&id=153080620724
Donald J. Trump,,2019-02-07,THANK YOU!,170K,136K,2.1K,31K,527,20,94,9579,/story.php?story_fbid=10162130668050725&id=153080620724
Donald J. Trump,,2019-02-07,"President Donald J. Trump‚Äôs schedule for Thursday, February 7th: ¬∑ 2019 National Prayer Breakfast ¬∑ Lunch with the Secretary of State ¬∑ National Security Presidential Memorandum Signing to Launch the ‚ÄúWomen‚Äôs Global Development and Prosperity‚Äù Initiative",15K,12K,286,2.3K,25,7,18,2056,/story.php?story_fbid=10162128376130725&id=153080620724
Donald J. Trump,,2019-02-07,Now is the time for all sides to come together and Choose Greatness!,52K,42K,864,8.9K,49,15,63,4050,/story.php?story_fbid=10162126553680725&id=153080620724
Donald J. Trump,,2019-02-06,Victory is WINNING for our COUNTRY.üá∫üá∏,Victor Fan and 119K others,97K,808,20K,90,11,66,4375,/story.php?story_fbid=10162126329145725&id=153080620724
Donald J. Trump,,2019-02-06,"Where walls go up, illegal crossings go way down. Walls WORK and walls SAVE LIVES!",39K,32K,522,6.5K,39,13,85,4841,/story.php?story_fbid=10162126536055725&id=153080620724
Donald J. Trump,,2019-02-06,"We must REJECT the politics of resistance and EMBRACE the boundless potential of cooperation, compromise, and the common good.",44K,36K,548,7.6K,59,11,59,3994,/story.php?story_fbid=10162126523480725&id=153080620724
Donald J. Trump,,2019-02-05,The decision is OURS to make.,171K,132K,876,37K,167,24,74,8910,/story.php?story_fbid=10162124020205725&id=153080620724
Donald J. Trump,,2019-02-06,I am asking you to CHOOSE GREATNESS!,42K,32K,533,8.7K,56,14,43,3975,/story.php?story_fbid=10162126278505725&id=153080620724
Donald J. Trump,,2019-02-05,"""By the end of next year, NATO allies will add $100 billion extra toward defense...President Donald Trump is having an impact.‚Äù",Aric Chen ÊõâÂ§© and 30K others,26K,485,3.2K,141,17,57,1815,/story.php?story_fbid=10162120806590725&id=153080620724
Donald J. Trump,,2019-02-05,The American economy is stronger than ever. We have some of the BEST employment numbers in the HISTORY of our country!,22K,18K,351,3.5K,46,5,35,2418,/story.php?story_fbid=10162121608470725&id=153080620724
Donald J. Trump,,2019-02-05,LIVE: President Trump's State of The Union,130K,78K,1.1K,50K,287,186,739,85572,/story.php?story_fbid=1889099687884407&id=153080620724
Donald J. Trump,,2019-02-05,LIVE: President Trump's State of the Union Address,76K,45K,744,29K,157,86,454,35483,/story.php?story_fbid=303841417150497&id=153080620724
Donald J. Trump,,2019-02-05,Looking forward to tonight! #SOTU,26K,21K,620,4.9K,56,11,55,3714,/story.php?story_fbid=10162122680265725&id=153080620724
"Donald J. Trump,The White House",The White House,2019-02-08,"We must choose between GREATNESS or gridlock.""I ask you to choose greatness.""",26K,21K,311,4K,32,6,28,1879,/story.php?story_fbid=10162133793040725&id=153080620724
Donald J. Trump,,2019-02-04,Let's get the JOB DONE!,14K,11K,320,2.2K,23,3,36,1898,/story.php?story_fbid=10162103943600725&id=153080620724
Donald J. Trump,,2019-02-04,"""The Trump administration‚Äôs support of the pro-democracy movement reassures Venezuelans and our allies that America first doesn‚Äôt mean America alone.‚Äù - Senior Advisor John Pence",20K,18K,656,2K,86,9,103,1912,/story.php?story_fbid=10162117810295725&id=153080620724
Donald J. Trump,,2019-02-04,Nancy Pelosi doesn‚Äôt want to give proper border security for political reasons. She's doing a terrible disservice to the people of our country!,35K,30K,568,3.1K,120,252,547,4940,/story.php?story_fbid=10162117385810725&id=153080620724
Donald J. Trump,,2019-02-04,This is an invasion of our country. We need a WALL!,37K,31K,765,4.9K,70,24,97,4814,/story.php?story_fbid=10162117339785725&id=153080620724
Donald J. Trump,,2019-02-05,Tune in at 9pm EST tonight as I deliver the State of the Union Address! Add your name to be displayed LIVE during my speech: bit.ly/2MOxkbj,42K,35K,663,6.6K,59,16,83,5561,/story.php?story_fbid=10162120925020725&id=153080620724
Donald J. Trump,,2019-02-04,"Our economy is exceeding expectations ‚Äì unprecedented job growth, historically low unemployment, and rising wages. MAGA!",27K,22K,477,4.2K,128,8,39,2535,/story.php?story_fbid=10162117157255725&id=153080620724
Donald J. Trump,,2019-02-04,"Tomorrow night I will address the nation, sharing my vision for a safer, stronger, and more prosperous America!",25K,21K,479,3.7K,36,16,62,2578,/story.php?story_fbid=10162116799420725&id=153080620724
Donald J. Trump,,2019-02-02,"Only fools, or people with a political agenda, don‚Äôt want a wall to protect our country from drugs, crime, and human trafficking. It will happen ‚Äì it always does!",23K,20K,590,2.4K,59,27,81,3225,/story.php?story_fbid=10162104267805725&id=153080620724
Donald J. Trump,,2019-02-03,"The motto is, ‚ÄúIn God We Trust.‚Äù",42K,34K,596,7.9K,58,19,62,4583,/story.php?story_fbid=10162103858055725&id=153080620724
Donald J. Trump,,2019-02-03,Tune in to hear how I am fighting for you!,23K,19K,620,3.4K,39,12,56,2711,/story.php?story_fbid=10162108946940725&id=153080620724
Donald J. Trump,,2019-02-02,Only through UNITY can we deliver for the people we were elected to serve!,25K,20K,378,3.9K,35,10,46,2624,/story.php?story_fbid=10162104039670725&id=153080620724
Donald J. Trump,,2019-02-01,"Best January for the DOW in over 30 years. We have, by far, the STRONGEST economy in the world!",58K,48K,879,8.6K,208,10,54,4357,/story.php?story_fbid=10162103644005725&id=153080620724
Donald J. Trump,,2019-02-02,This isn‚Äôt about technology and this isn‚Äôt about politics. This is about practicality and SECURITY for our nation!,46K,39K,631,5.9K,79,29,105,4614,/story.php?story_fbid=10162099133595725&id=153080620724
Donald J. Trump,,2019-02-01,"JOBS, JOBS, JOBS!",79K,68K,977,9K,372,13,44,3888,/story.php?story_fbid=10162102829890725&id=153080620724
Donald J. Trump,,2019-01-31,"In 5 days, I'm bringing my message straight to YOU.",23K,18K,421,4.3K,33,9,53,3568,/story.php?story_fbid=10162099461580725&id=153080620724
Donald J. Trump,,2019-01-31,These are the consequences of our broken immigration system.,27K,22K,309,1.4K,393,399,2K,3644,/story.php?story_fbid=10162098323935725&id=153080620724
Donald J. Trump,,2019-02-01,"America First doesn‚Äôt mean America alone. Venezuela, we are with you!",19K,16K,432,2.6K,59,18,84,1978,/story.php?story_fbid=10162102301105725&id=153080620724
Donald J. Trump,,2019-02-01,The media continue to prove themselves as the true ENEMY OF THE PEOPLE!,26K,23K,814,1.5K,161,221,344,3329,/story.php?story_fbid=10162093394125725&id=153080620724
Donald J. Trump,,2019-02-01,"President Donald J. Trump's schedule for Friday, February 1st: ¬∑ Meeting on fighting human trafficking on the southern border  ¬∑ Lunch with Secretary of State ¬∑ Travel to Palm Beach, FL",19K,16K,425,2.3K,39,6,47,2698,/story.php?story_fbid=10162101858455725&id=153080620724
Donald J. Trump,,2019-02-01,"As one team, one people, and one American family, we can accomplish ANYTHING.",29K,23K,427,5K,43,9,59,3602,/story.php?story_fbid=10162103848700725&id=153080620724
Donald J. Trump,,2019-01-31,"Now more than ever, we need a WALL!",47K,40K,1K,4.1K,605,468,932,5614,/story.php?story_fbid=10162098158085725&id=153080620724
Donald J. Trump,,2019-01-31,"""China is finally being held accountable, and investors are starting to realize that Trump knows what he‚Äôs doing here."" I agree Dr. Gina!",63K,56K,942,5.8K,188,8,49,2570,/story.php?story_fbid=10162093414460725&id=153080620724
Donald J. Trump,,2019-01-31,"The media tries to make it look like I am against ""intelligence."" I am not! ""Questioning of the CIA and other intelligence agency assessments is precisely what a prudent leader should do before making critical decisions affecting our national security.""",Aric Chen ÊõâÂ§© and 32K others,28K,722,3.1K,70,18,85,4995,/story.php?story_fbid=10162093367395725&id=153080620724
Donald J. Trump,,2019-01-31,"No more political games. It‚Äôs time to come together, make a deal, and put COUNTRY first!",36K,31K,659,4.5K,40,10,65,4137,/story.php?story_fbid=10162098003095725&id=153080620724
Donald J. Trump,,2019-01-30,It's time to put AMERICA FIRST!,29K,24K,553,4.7K,40,13,51,4365,/story.php?story_fbid=10162094594395725&id=153080620724
Donald J. Trump,,2019-01-29,"After all that I have done, does anybody really think I won‚Äôt build the WALL? Done more in first two years than any President! MAKE AMERICA GREAT AGAIN!",102K,82K,1.9K,18K,198,31,152,11339,/story.php?story_fbid=10162089194265725&id=153080620724
Donald J. Trump,,2019-01-30,It's time to prove that we can put COUNTRY before PARTY.,57K,48K,914,7.4K,82,15,81,5032,/story.php?story_fbid=10162093427140725&id=153080620724
Donald J. Trump,,2019-01-30,"When I took the Oath of Office, I swore to protect our country. And that is what I will always do. Help Build The Wall: Text ""WALL"" to 88022.",47K,39K,1K,6.5K,83,27,162,6331,/story.php?story_fbid=10162093794660725&id=153080620724
Donald J. Trump,,2019-01-29,"We are not even into February and the cost of illegal immigration so far this year is $18,959,495,168. There are at least 25,772,342 illegal aliens, not the 11,000,000 that have been reported for years, in our country. So ridiculous!",94K,50K,1.4K,1.1K,12K,2.4K,26K,16195,/story.php?story_fbid=10162085511410725&id=153080620724
Donald J. Trump,,2019-01-29,"New poll! Voters in vulnerable Democrat districts ‚Äúsupport the president‚Äôs position on border security,"" NOT Speaker Pelosi's.",53K,46K,1.2K,5.9K,131,20,83,4802,/story.php?story_fbid=10162088559275725&id=153080620724
Donald J. Trump,,2019-01-28,Do you think the media will report on this and all of the other great economic news?,21K,17K,581,3.3K,91,22,50,2835,/story.php?story_fbid=10162074408805725&id=153080620724
Donald J. Trump,,2019-01-28,"The United States has a GREAT economic story to tell.  Number one in the world, by far!",35K,29K,681,5.5K,146,10,65,3241,/story.php?story_fbid=10162074407935725&id=153080620724
Donald J. Trump,,2019-01-28,"America is back, bigger and better and stronger than ever before!",36K,29K,969,5.7K,119,17,77,4139,/story.php?story_fbid=10162074410045725&id=153080620724
Donald J. Trump,,2019-01-27,We pledge with all of our might and resolve: never again.,73K,51K,241,7.7K,130,13K,120,4512,/story.php?story_fbid=10162081871215725&id=153080620724
Donald J. Trump,,2019-01-28,"African American, Asian American, and Hispanic American unemployment rates have reached RECORD LOWS!",26K,22K,481,3.8K,99,17,54,3184,/story.php?story_fbid=10162070218010725&id=153080620724
Donald J. Trump,,2019-01-26,"Estamos con ustedes, Venezuela. Con el gran liderazgo de nuestros aliados, el Presidente Trump y el Vicepresidente Pence hemos enviado una se√±al clara ‚Äì‚Äìestamos con ustedes y tendr√°n la posibilidad de restaurar la libertad y la democrac√≠a en Venezuela de nuevamente. We are with you, Venezuela, With fearless leadership and together with our allies, President Trump and Vice-President Pence have sent a clear signal to the people of Venezuela‚Äì‚Äìwe are with you, and you now have the ability to restore freedom and democracy once again in Venezuela. #ElMundoConVzla",15K,13K,501,2.2K,72,23,73,3051,/story.php?story_fbid=10162078267340725&id=153080620724
Donald J. Trump,,2019-01-25,"In a short while, I will sign a bill to open our Government for three weeks until February 15th. I will make sure that all employees receive their back pay very quickly.",55K,45K,1K,7.4K,239,243,723,9733,/story.php?story_fbid=10162074472025725&id=153080620724
Donald J. Trump,,2019-01-26,"Many disagree, but I really feel that working with Democrats and Republicans, we can make a truly GREAT and SECURE deal happen for everyone.",33K,27K,732,4.4K,80,63,152,7615,/story.php?story_fbid=10162074922740725&id=153080620724
"Donald J. Trump,The White House",The White House,2019-01-25,WATCH LIVE: President Trump delivers remarks regarding the shutdown,13K,10K,458,2.3K,55,77,230,3391,/story.php?story_fbid=10162073668165725&id=153080620724
Donald J. Trump,,2019-01-25,"Let me be very clear: We have no choice but to build a powerful wall or steel barrier. If we don‚Äôt get a fair deal from Congress, the government will either shut down on February 15th, again, or I will use the powers afforded to me under the laws and the Constitution of the United States to address this emergency.",79K,64K,1.4K,12K,173,110,412,13865,/story.php?story_fbid=10162074923610725&id=153080620724
Donald J. Trump,,2019-01-24,"Los Democratas no son la voz de la comunidad Hispana en EEUU. Escuchen porque Maria Elvira Salazar una latina, apoya al President Trump y el Partido Republicano en esta entrevista con John Pence. Democrats aren't the voice for Hispanics in America. Listen to why Maria Elvira Salazar supports President Trump and the GOP as a Hispanic woman in this interview with John Pence.  #Latinos4Trump",13K,10K,583,1.7K,54,11,43,2253,/story.php?story_fbid=10162070000230725&id=153080620724
Donald J. Trump,,2019-01-25,"Securing the Southern Border is a very, very big deal. It should have been done by all of the presidents that preceded me, but they couldn't get it done. We're going to get it done!",43K,35K,780,6.5K,63,38,145,6799,/story.php?story_fbid=10162070291015725&id=153080620724
Donald J. Trump,,2019-01-25,Democrats ‚Äì stop playing games and give Americans the GREAT border security they deserve!,37K,31K,817,2.2K,152,404,3.2K,10765,/story.php?story_fbid=10162069564955725&id=153080620724
Donald J. Trump,,2019-01-25,"Waiting on Democrats to come to the table!  ‚ÄúPresident Trump has repeatedly offered to reach across the table and make a deal, but Democrats won‚Äôt even attend a lunch at the White House to discuss potential compromise solutions to the border crisis.‚Äù - Dr. Lou Holtz",46K,38K,795,1.7K,442,754,5K,9125,/story.php?story_fbid=10162069521695725&id=153080620724
Donald J. Trump,,2019-01-25,"President Donald J. Trump‚Äôs schedule for Friday, January 25th: ¬∑ Lunch with the Secretary of State ¬∑ Discussion on economic growth with our Nation‚Äôs mayors ¬∑ Roundtable with Hispanic pastors",13K,11K,392,1.5K,24,7,41,2368,/story.php?story_fbid=10162071188260725&id=153080620724
Donald J. Trump,,2019-01-24,The State of the Union Address has been canceled by Nancy Pelosi because she doesn‚Äôt want to hear the truth and she doesn‚Äôt want the American public to know the TRUTH!,66K,52K,1.2K,5.2K,773,4.1K,2.8K,13735,/story.php?story_fbid=10162069507575725&id=153080620724
Donald J. Trump,,2019-01-23,"I've put forward a commonsense plan to reopen the government and secure the border. Many of the ideas in this plan have been proposed, and previously supported, by Democrats themselves. Let's make a deal!",16K,14K,488,1.9K,36,18,85,3843,/story.php?story_fbid=10162062740000725&id=153080620724
Donald J. Trump,,2019-01-24,"If we ever let the Radical Left control our borders, we would have crime, drugs, and human trafficking like we have never seen before in the HISTORY of our country!",39K,33K,814,4.4K,108,205,234,6666,/story.php?story_fbid=10162070315000725&id=153080620724
Donald J. Trump,,2019-01-23,BUILD A WALL & CRIME WILL FALL!,88K,73K,3K,11K,135,40,209,11806,/story.php?story_fbid=10162066132890725&id=153080620724
Donald J. Trump,,2019-01-24,More people are working in the United States today than at any time in the HISTORY of our country. Media barely covers!,73K,61K,1.3K,9.7K,380,52,163,7141,/story.php?story_fbid=10162068981465725&id=153080620724
Donald J. Trump,,2019-01-22,"My poll numbers have gone way up with Hispanics. That is because they know the border issue better than anyone, and they want security!",48K,41K,1.1K,5.7K,124,18,82,3727,/story.php?story_fbid=10162062589670725&id=153080620724
Donald J. Trump,,2019-01-22,"I can promise you this: I will never forget that my first duty, and ultimate loyalty, is to YOU, the American people.",39K,31K,728,7K,42,18,121,4945,/story.php?story_fbid=10162062012070725&id=153080620724
Donald J. Trump,,2019-01-22,"This is a commonsense compromise BOTH parties should embrace ‚Äì it provides humanitarian relief, delivers real border security, and immediately reopens our federal government.",31K,26K,631,4.5K,56,20,140,5162,/story.php?story_fbid=10162062016620725&id=153080620724
Donald J. Trump,,2019-01-22,"As a candidate for President, I promised I would fix this crisis, and I intend to keep that promise one way or the other.",26K,21K,513,4.5K,29,12,93,3792,/story.php?story_fbid=10162061357835725&id=153080620724
Donald J. Trump,,2019-01-23,"President Donald J. Trump‚Äôs schedule for Wednesday, January 23rd: ¬∑ Briefing call on immigration proposal with State, local, and community leaders ¬∑ Fair and honest pricing in healthcare roundtable ¬∑ Meeting with conservative leaders on immigration proposal",12K,10K,303,1.6K,35,5,43,2592,/story.php?story_fbid=10162064916475725&id=153080620724
Donald J. Trump,,2019-01-21,"PROMISES MADE, PROMISES KEPT!",111K,94K,1.6K,14K,172,29,145,5490,/story.php?story_fbid=10162057470105725&id=153080620724
Donald J. Trump,,2019-01-21,‚ÄúThe fact that President Trump has been able to achieve so much of his agenda despite the coordinated campaign to defy him is astounding.‚Äù  So true. We've accomplished the unthinkable and we're still WINNING despite constant attacks!,67K,56K,1.2K,10K,107,27,115,6807,/story.php?story_fbid=10162057708700725&id=153080620724
Donald J. Trump,,2019-01-21,"Today we celebrate Dr. Martin Luther King, Jr. for standing up for the self-evident truth Americans hold so dear, that no matter what the color of our skin or the place of our birth, we are all created equal by God. https://bit.ly/2RUJNPO",51K,42K,704,7.8K,102,35,123,3720,/story.php?story_fbid=10162057747540725&id=153080620724
Donald J. Trump,,2019-01-20,"Diamond And Silk have a message for Democrats and the media:  ""The American people aren‚Äôt blind, when we look at the mess on our southern border, we see it for what it is: A CRISIS.""",32K,29K,700,2.9K,97,91,136,3757,/story.php?story_fbid=10162046923070725&id=153080620724
Donald J. Trump,,2019-01-20,"Two years ago today, I promised: ‚ÄúOur country will THRIVE and PROSPER again.‚Äù We‚Äôre bringing back our jobs, securing our borders, restoring our wealth, and WINNING like never before. The forgotten men and women are no longer forgotten!üá∫üá∏",25K,20K,722,4.1K,42,15,95,4083,/story.php?story_fbid=10162054215595725&id=153080620724
Donald J. Trump,,2019-01-19,"""As a mother who lost her child at the hands of failed immigration policies, I know just how important border security is to American families.‚Äù - Marie Vega, Angel Mom",37K,25K,177,2.1K,130,8.7K,463,3949,/story.php?story_fbid=10162043120910725&id=153080620724
Donald J. Trump,,2019-01-20,"I made a pledge to Angel Families, and to all Americans, to fix our broken immigration system. I will not stop fighting until our borders are safe and secure!  Tell Nancy you want the wall: https://bit.ly/2FLsmdN",51K,44K,528,5.8K,78,171,193,4649,/story.php?story_fbid=10162049833070725&id=153080620724
Donald J. Trump,,2019-01-19,We have a country that is being invaded by criminals and drugs and we're going to STOP IT.,Donald J. Trump and 30K others,25K,653,3.5K,177,88,247,5090,/story.php?story_fbid=10162042672285725&id=153080620724
"Donald J. Trump,The White House",The White House,2019-01-19,WATCH LIVE as President Trump Delivers Remarks on the Humanitarian Crisis on Our Southern Border and the Shutdown,19K,14K,409,4K,34,23,124,3816,/story.php?story_fbid=10162050893860725&id=153080620724
Donald J. Trump,,2019-01-19,"There is no question that we have a tremendous humanitarian and security crisis at our southern border. Every day that Democrats refuse to fund the border security measures that they supported in the past, the crisis gets worse!",18K,15K,473,2K,54,111,175,3767,/story.php?story_fbid=10162049658380725&id=153080620724
Donald J. Trump,,2019-01-18,"President Donald J. Trump‚Äôs schedule for Friday, January 18th: ¬∑ Meeting with Secretary of the Treasury",14K,12K,490,1.6K,37,6,92,2563,/story.php?story_fbid=10162044987300725&id=153080620724
Donald J. Trump,,2019-01-18,"I will never, EVER back down.",112K,88K,1.6K,21K,127,30,293,10059,/story.php?story_fbid=10162046155080725&id=153080620724
Donald J. Trump,,2019-01-17,"Our goal is simple: to ensure that we can DETECT and DESTROY any missile launched against the United States‚Äîanywhere, anytime, anyplace.",25K,21K,366,3.5K,63,14,123,2997,/story.php?story_fbid=10162043008890725&id=153080620724
Donald J. Trump,,2019-01-18,I have a great idea that will give Chuck and Nancy no choice but to listen to the American people: Send a BRICK straight to their offices and remind them WE NEED THE WALL!,129K,86K,27K,13K,465,106,659,16084,/story.php?story_fbid=10162046561430725&id=153080620724
Donald J. Trump,,2019-01-18,"Hopefully, Democrat lawmakers will step forward to do what is RIGHT for our country‚Äîand what is right is border security at the STRONGEST level.",29K,25K,615,3.6K,67,52,238,4633,/story.php?story_fbid=10162043000005725&id=153080620724
Donald J. Trump,,2019-01-17,Dear Madame Speaker...,575K,362K,73K,135K,2.1K,172,936,64455,/story.php?story_fbid=10162042221195725&id=153080620724
"Donald J. Trump,The White House",The White House,2019-01-17,Watch Live: President Trump Participates in the Missile Defense Review Announcement,10K,8.2K,210,1.5K,27,10,81,1147,/story.php?story_fbid=10162041619105725&id=153080620724
Donald J. Trump,,2019-01-17,"If we don‚Äôt defend our borders, then we cease to be a nation.",74K,62K,1.2K,10K,87,33,170,6130,/story.php?story_fbid=10162041412425725&id=153080620724
Donald J. Trump,,2019-01-17,"Without a strong border, America is defenseless, vulnerable, and unprotected. We need STRONG borders!",37K,31K,647,5.2K,34,19,221,5017,/story.php?story_fbid=10162042515640725&id=153080620724
Donald J. Trump,,2019-01-17,"President Donald J. Trump‚Äôs schedule for Thursday, January 17th: ¬∑ Missile Defense Review Announcement",13K,11K,401,1.5K,35,9,70,2210,/story.php?story_fbid=10162040861535725&id=153080620724
Donald J. Trump,,2019-01-16,You cannot have border security without a wall.,62K,53K,1.2K,7.7K,77,28,239,6554,/story.php?story_fbid=10162017180780725&id=153080620724
Donald J. Trump,,2019-01-16,"President Donald J. Trump‚Äôs schedule for Wednesday, January 16th: ¬∑ Meeting with Problem Solvers Caucus ¬∑ Lunch with Secretary of State ¬∑ Signing ceremony for S. 24, ‚ÄúGovernment Employee Fair Treatment Act of 2019‚Äù",13K,11K,348,1.5K,29,7,67,2339,/story.php?story_fbid=10162036548515725&id=153080620724
Donald J. Trump,,2019-01-16,This is the reason why Democrats don‚Äôt want the wall: they all know it WORKS!,37K,31K,870,4.7K,58,31,163,4688,/story.php?story_fbid=10162035158735725&id=153080620724
Donald J. Trump,,2019-01-16,"We must have border security ‚Äì not for political purposes, but for our COUNTRY and for the SAFETY of our communities.",47K,39K,681,6.6K,58,25,195,6532,/story.php?story_fbid=10162038778835725&id=153080620724
Donald J. Trump,,2019-01-16,It is becoming more and more obvious that the Radical Democrats are a party of open borders and crime. They want nothing to do with the major Humanitarian Crisis on our Southern Border. 2020!,33K,28K,766,3.5K,112,276,510,6017,/story.php?story_fbid=10162037392620725&id=153080620724
Donald J. Trump,,2019-01-15,The crisis of illegal immigration impacts ALL Americans.,30K,26K,558,3.4K,71,50,123,4538,/story.php?story_fbid=10162035135455725&id=153080620724
Donald J. Trump,,2019-01-15,Veterans unemployment has reached an 18-YEAR LOW. Do you think the media will report on this and all of the other great economic news?,15K,12K,283,2.4K,64,19,38,1977,/story.php?story_fbid=10162034583740725&id=153080620724
Donald J. Trump,,2019-01-15,"Democrats used to support funding for border security, but now they've changed their minds. POLITICS!",6.2K,5.2K,212,457,64,69,155,1325,/story.php?story_fbid=10162033345325725&id=153080620724
Donald J. Trump,,2019-01-15,More and more people are realizing that the Democrats care more about power than doing what is right for the country. I am fighting for ALL Americans!,27K,23K,664,3K,54,43,108,3339,/story.php?story_fbid=10162033305165725&id=153080620724
Donald J. Trump,,2019-01-15,Working hard!,22K,19K,794,1.9K,55,6,77,1919,/story.php?story_fbid=10162035822545725&id=153080620724
Donald J. Trump,,2019-01-15,"Volkswagen will be investing $800 million to build electric cars in the U.S. Congratulations to Chattanooga, Tennessee. A BIG WIN!",112K,100K,411,8.6K,1.8K,48,89,4327,/story.php?story_fbid=10162033385475725&id=153080620724
Donald J. Trump,,2019-01-15,"President Donald J. Trump‚Äôs schedule for Tuesday, January 15th: ¬∑ Lunch with Members of Congress ¬∑ Briefing call on the border crisis with State, local, and community leaders",15K,12K,363,1.7K,37,10,56,3255,/story.php?story_fbid=10162033055985725&id=153080620724
"Donald J. Trump,The White House",The White House,2019-01-14,WATCH LIVE: President Trump Delivers Remarks at the American Farm Bureau Federation's 100th Annual Convention,12K,10K,253,2.2K,33,15,63,1397,/story.php?story_fbid=10162030122680725&id=153080620724
Donald J. Trump,,2019-01-14,We cannot sit by while the border crisis gets worse. Republicans are ROCK SOLID on a border wall ‚Äì Democrats have to do something!,39K,33K,801,4.9K,65,27,148,6574,/story.php?story_fbid=10162030174870725&id=153080620724
Donald J. Trump,,2019-01-14,There is a massive humanitarian crisis at our southern border ‚Äì even 71% of Democrats agree. You need GREAT border security!,50K,43K,1.2K,4.5K,184,59,182,7846,/story.php?story_fbid=10162018438245725&id=153080620724
Donald J. Trump,,2019-01-11,"The Fake News Media keeps saying we haven‚Äôt built any NEW WALL. Below is a section just completed on the border. Anti-climbing feature included. Very high, strong and beautiful! Also, many miles already renovated and in service!",129K,107K,2.3K,18K,567,43,207,14866,/story.php?story_fbid=10162017260345725&id=153080620724
Donald J. Trump,,2019-01-11,"In life, there are certain principles worth fighting for ‚Äì principles that are more important than politics, party, or personal convenience... The safety and security and sovereignty of the United States is the most important principle of all.",49K,40K,811,8K,64,15,124,6467,/story.php?story_fbid=10162013523575725&id=153080620724
Donald J. Trump,,2019-01-11,This is the tragic reality of illegal immigration on our southern border.  This is the cycle of human suffering I am determined to END.,68K,57K,732,6K,2.2K,1.2K,934,10048,/story.php?story_fbid=10162018365330725&id=153080620724
Donald J. Trump,,2019-01-12,Ending the border crisis with a barrier or border wall that is PROVEN to work is just common sense!,63K,55K,1.1K,6.6K,80,28,158,9421,/story.php?story_fbid=10162018370340725&id=153080620724
Donald J. Trump,,2019-01-14,"The people are with us 100%.  Nobody wants criminals, gangs, and drugs pouring into their country!",53K,45K,898,6.9K,66,23,155,7034,/story.php?story_fbid=10162018416865725&id=153080620724
Donald J. Trump,,2019-01-10,"""The American people want border security, not continued obstructionism. If the Democrats truly care about border security, they should immediately fund the border wall."" - Dan Bongino",53K,47K,954,5.2K,63,20,167,6696,/story.php?story_fbid=10162010332300725&id=153080620724
Donald J. Trump,,2019-01-11,"I will never back down when it comes to fighting for the security of the American people. The Democrats and mainstream media know we need strong border security, but they don't want to give ""Trump"" another win!",22K,19K,607,2.7K,47,55,126,3786,/story.php?story_fbid=10162012286840725&id=153080620724
"Donald J. Trump,The White House",The White House,2019-01-10,From the Southern Border....President Donald J. Trump - from the Southern Border....,83K,69K,971,12K,108,20,138,5843,/story.php?story_fbid=10162014260490725&id=153080620724
Donald J. Trump,,2019-01-11,"President Donald J. Trump‚Äôs schedule for Friday, January 11th: ¬∑ Roundtable discussion on border security and safe communities with State, local, and community leaders",14K,12K,387,1.8K,25,14,60,2925,/story.php?story_fbid=10162015330180725&id=153080620724
Donald J. Trump,,2019-01-10,"During the campaign, I said Mexico is going to pay for the wall, and they are. They are paying for it through the many billions of dollars a year that the U.S. is saving with the incredible USMCA trade deal!",44K,36K,2K,5.6K,100,21,159,6958,/story.php?story_fbid=10162013874095725&id=153080620724
Donald J. Trump,,2019-01-10,This is about whether we fulfill our sacred duty to the American citizens we serve.,35K,29K,754,4.8K,44,20,111,4400,/story.php?story_fbid=10162012867870725&id=153080620724
Donald J. Trump,,2019-01-10,79 percent of voters believe there is either a ‚Äúcrisis‚Äù or ‚Äúproblem‚Äù at our Southern Border!,40K,36K,812,2.8K,150,62,150,6215,/story.php?story_fbid=10162012191145725&id=153080620724
"Donald J. Trump,Charlie Kirk",Charlie Kirk,2019-01-10,"BUILD THE WALL!We are not a nation without a border. Every day we leave our borders open, we let drugs, crime, and human traffickers flow freely in and out of our country FACT: 95% of Border Patrol agents when surveyed support the wall Let's make their jobs easier. BUILD THE WALL!",104K,90K,847,12K,265,44,173,6296,/story.php?story_fbid=10162013146790725&id=153080620724
Donald J. Trump,,2019-01-10,"Our country is doing so well in so many ways ‚Äì great jobs numbers, rebuilding our military, taking care of veterans, strong economy, historic tax cuts, slashed regulations, and great trade deals. But we MUST fix our Southern Border!",27K,22K,561,3.6K,38,20,100,3603,/story.php?story_fbid=10162010289920725&id=153080620724
Donald J. Trump,,2019-01-10,"‚Ä™President Obama, thank you for your great support ‚Äì I have been saying this all along!‚Ä¨",109K,79K,19K,8.6K,857,55,455,9200,/story.php?story_fbid=10162012848980725&id=153080620724
Donald J. Trump,,2019-01-09,Some have suggested a barrier is immoral‚Ä¶ The only thing that is immoral is the politicians to do NOTHING and continue to allow more innocent people to be so horribly victimized.,42K,36K,673,5.8K,66,63,167,7150,/story.php?story_fbid=10162009067950725&id=153080620724
Donald J. Trump,,2019-01-09,The Border Wall would very quickly PAY FOR ITSELF. The cost of illegal drugs exceeds $500 billion dollars a year ‚Äì vastly more than the $5.7 billion dollars we have requested from Congress.,41K,34K,845,5.3K,70,29,136,6170,/story.php?story_fbid=10162008335065725&id=153080620724
Donald J. Trump,,2019-01-09,"America First, always.",92K,72K,1.2K,18K,102,26,118,7318,/story.php?story_fbid=10162008667860725&id=153080620724
Donald J. Trump,,2019-01-09,"Just left a meeting with Chuck and Nancy, a total waste of time. I asked what is going to happen in 30 days if I quickly open things up, are you going to approve Border Security which includes a Wall or Steel Barrier? Nancy said, NO. I said bye-bye, nothing else works!",270K,213K,14K,35K,1.7K,1.6K,3K,60290,/story.php?story_fbid=10162009328160725&id=153080620724
Donald J. Trump,,2019-01-10,"President Donald J. Trump's schedule for Thursday, January 10th: ¬∑ Travel to McAllen, TX  ¬∑ Roundtable on immigration and border security  ¬∑ Briefing on border security ¬∑ Travel to Washington, D.C.",17K,14K,320,2.4K,35,9,46,2892,/story.php?story_fbid=10162010936285725&id=153080620724
Donald J. Trump,,2019-01-09,The federal government remains shut down for one reason and one reason only: Because Democrats will not fund border security.,49K,41K,676,5.8K,135,350,1.6K,9254,/story.php?story_fbid=10162008271890725&id=153080620724
Donald J. Trump,,2019-01-08,"What‚Äôs more important to the Democrats? Stopping me from fulfilling another one of my promises, or working together to secure the border? Americans want border security!",85K,75K,1.2K,7.9K,91,72,234,10389,/story.php?story_fbid=10162004985085725&id=153080620724
Donald J. Trump,,2019-01-08,To every Member of Congress: pass a bill that ends this crisis. To every citizen: call Congress and tell them to finally ‚Äì after all of these decades ‚Äì SECURE OUR BORDER.,61K,50K,1K,10K,93,74,180,7665,/story.php?story_fbid=10162006686215725&id=153080620724
"Donald J. Trump,The White House",The White House,2019-01-08,WATCH LIVE as President Trump Addresses the Nation,51K,39K,729,11K,71,32,186,6281,/story.php?story_fbid=10162006138575725&id=153080620724
Donald J. Trump,,2019-01-09,"President Donald J. Trump‚Äôs schedule for Wednesday, January 9th: ¬∑ Signing ceremony for Anti-Human Trafficking Legislation ¬∑ Senate Republican policy lunch ¬∑ Meeting with Congressional Leadership",18K,15K,302,2.5K,42,9,40,3185,/story.php?story_fbid=10162007580470725&id=153080620724
Donald J. Trump,,2019-01-08,"We created more than a quarter-million jobs last month. Employers are showing great confidence in our economy despite all the negativity coming from anti-Trump economic ‚Äúexperts!""",20K,17K,479,2.1K,52,10,56,2253,/story.php?story_fbid=10162000304070725&id=153080620724
Donald J. Trump,,2019-01-08,"Illegal immigration costs our nation $275 BILLION a year, MILLIONS of jobs, and THOUSANDS of innocent lives. What is it going to take to finally secure our border?",62K,54K,1K,6.3K,581,282,462,9826,/story.php?story_fbid=10162004527235725&id=153080620724
Donald J. Trump,,2019-01-07,Our latest jobs numbers are off the charts! Not even the mainstream media can ignore these incredible economic gains!,29K,24K,461,4.4K,115,3,47,3063,/story.php?story_fbid=10162000852905725&id=153080620724
Donald J. Trump,,2019-01-07,The Fake News Media is the Enemy of the People!,65K,56K,1.4K,6.9K,114,121,355,9290,/story.php?story_fbid=10162001293050725&id=153080620724
Donald J. Trump,,2019-01-08,We must PROTECT and DEFEND the United States. We have no choice.,119K,99K,1.1K,17K,89,21,181,8996,/story.php?story_fbid=10162005076760725&id=153080620724
Donald J. Trump,,2019-01-06,,315K,237K,24K,51K,1.1K,195,894,31765,/story.php?story_fbid=10161996092010725&id=153080620724
Donald J. Trump,,2019-01-04,"Think of this: Democrats want $12 billion in addition to the $54 billion we give in foreign aid, but they won‚Äôt approve $5.6 billion for a wall.",96K,68K,1K,2.9K,2.2K,3.5K,18K,20026,/story.php?story_fbid=10161988593545725&id=153080620724
Donald J. Trump,,2019-01-07,"We are now planning a steel barrier rather than concrete. Stronger, less obtrusive, and made in the U.S.A.",76K,62K,1.8K,11K,173,35,184,9705,/story.php?story_fbid=10162000309830725&id=153080620724
Donald J. Trump,,2019-01-06,- Record number of employed Americans  - Average hourly earnings up 3.2% - Participation rate up to 63.1% - 'Trump-Era High' And we will do even better with new trade deals and all else!,54K,46K,711,7.1K,184,13,81,4885,/story.php?story_fbid=10161996138495725&id=153080620724
Donald J. Trump,,2019-01-05,BOTTOM LINE: You cannot have REAL border security without the WALL. Look at all of the countries that have walls ‚Äì they work 100%!,55K,46K,1.3K,7.2K,77,38,192,10409,/story.php?story_fbid=10161988641275725&id=153080620724
Donald J. Trump,,2019-01-04,We ended 2018 STRONG - best year for job creation since 2015!,62K,51K,1.1K,9.1K,290,14,101,5479,/story.php?story_fbid=10161988383850725&id=153080620724
Donald J. Trump,,2019-01-04,JOBS JOBS JOBS!,57K,48K,810,8.4K,313,18,81,4879,/story.php?story_fbid=10161987946495725&id=153080620724
"Donald J. Trump,The White House",The White House,2019-01-04,Build the wall.,44K,36K,474,3.5K,520,350,2.9K,8460,/story.php?story_fbid=10161986620050725&id=153080620724
Donald J. Trump,,2019-01-03,This isn't just a border... This is EVERYTHING.,96K,80K,1.7K,13K,134,43,215,10087,/story.php?story_fbid=10161984301930725&id=153080620724
Donald J. Trump,,2019-01-03,We spend more in Afghanistan in ONE MONTH than what we're talking about spending on the wall.,86K,73K,645,7.5K,3.9K,349,719,8449,/story.php?story_fbid=10161983697045725&id=153080620724
Donald J. Trump,,2019-01-02,"Democrats‚Äô immigration policies are reckless and extreme. They want totally open borders, which means drugs and crime will pour into our country.  We need a STRONG and SECURE Southern Border!",Ryan Moore and 49K others,35K,619,2.4K,731,996,8.8K,8685,/story.php?story_fbid=10161980116010725&id=153080620724
Donald J. Trump,,2019-01-02,"We‚Äôve done so much to advance the America First agenda ‚Äì we can‚Äôt let our progress go to waste. This year, it‚Äôs more important than ever that we continue the FIGHT to Make America Great Again!",Ryan Moore and 19K others,16K,516,2.4K,29,9,62,2490,/story.php?story_fbid=10161954786155725&id=153080620724
Donald J. Trump,,2019-01-02,"Here we go with Mitt Romney, but so fast! Question will be, is he a Flake?  I hope not. Would much prefer that Mitt focus on Border Security and so many other things where he can be helpful. I won big, and he didn‚Äôt. He should be happy for all Republicans. Be a TEAM player & WIN!",54K,47K,1.9K,4.8K,151,89,209,7444,/story.php?story_fbid=10161981508160725&id=153080620724
Donald J. Trump,,2019-01-02,"For FAR TOO LONG Senate Democrats have been obstructing more than 350 nominations. These great Americans left their jobs to serve our country, but can‚Äôt because Democrats are blocking them, some for two years - HISTORIC record.",23K,15K,486,1K,571,560,5.9K,4020,/story.php?story_fbid=10161980262725725&id=153080620724
Donald J. Trump,,2019-01-02,"""MAGA list: 205 ‚Äòhistoric results‚Äô help Trump make case for 2020 re-election"" True!",47K,40K,1K,5.8K,76,12,86,3133,/story.php?story_fbid=10161978911730725&id=153080620724
Donald J. Trump,,2019-01-02,"We wish everyone a very safe, prosperous, and Happy New Year!",122K,97K,1.2K,23K,250,27,94,7109,/story.php?story_fbid=10161978765465725&id=153080620724
Donald J. Trump,,2018-12-31,"Join us as we reflect on yet another year of PROMISES MADE and PROMISES KEPT. With all that we've accomplished, we know that 2019 is going to be bigger and better than ever before!",41K,33K,911,6.8K,77,19,103,6850,/story.php?story_fbid=10161965784485725&id=153080620724
Donald J. Trump,,2018-12-29,It‚Äôs been another year of success despite extraordinary opposition from the Democrats and Fake News Media. Millions of Americans are finally back to work and prospering again!,26K,22K,934,3.4K,62,10,110,5515,/story.php?story_fbid=10161953957635725&id=153080620724
Donald J. Trump,,2019-01-01,"We hope everyone has a very safe, prosperous, and Happy New Year!",55K,46K,510,8.7K,71,17,87,5809,/story.php?story_fbid=10161937226240725&id=153080620724
Donald J. Trump,,2018-12-28,"Our presence in Syria was not open-ended, and it was never intended to be permanent. Eight years ago, we went there for three months, and we never left. But now we‚Äôre doing it RIGHT, and we‚Äôre going to finish it off!",34K,29K,430,4.7K,82,28,142,4230,/story.php?story_fbid=10161957338010725&id=153080620724
Donald J. Trump,,2018-12-27,The best way to have peace is STRENGTH.,57K,46K,1K,9.4K,112,24,137,6055,/story.php?story_fbid=10161954842535725&id=153080620724
Donald J. Trump,,2018-12-27,It's all about AMERICA FIRST!,96K,79K,1.2K,15K,135,28,165,7311,/story.php?story_fbid=10161954342570725&id=153080620724
Donald J. Trump,,2018-12-28,"To every American serving at home and abroad, THANK YOU. We are eternally grateful for all that you do to keep America safe, strong, and free!",44K,35K,439,8.6K,65,20,92,3772,/story.php?story_fbid=10161957267925725&id=153080620724
Donald J. Trump,,2018-12-28,We will be forced to close the Southern Border entirely if the Obstructionist Democrats do not give us the money to finish the wall and also change the ridiculous immigration laws that our country is saddled with.,89K,74K,1.3K,12K,215,96,346,17687,/story.php?story_fbid=10161958607230725&id=153080620724
Donald J. Trump,,2019-01-03,We're in a shutdown because Democrats are worried about the 2020 presidential election. They know they can‚Äôt win so they are going all out on the desperately needed wall and border security. PURELY POLITICS!,51K,43K,1.3K,4.5K,248,444,910,9270,/story.php?story_fbid=10161983272460725&id=153080620724
Donald J. Trump,,2018-12-26,First Lady Melania Trump and I were honored to visit our incredible troops at Al Asad Air Base in Iraq. GOD BLESS THE U.S.A.!,Yun Kim and 171K others,131K,1.3K,38K,428,43,262,13146,/story.php?story_fbid=10161950598155725&id=153080620724
Donald J. Trump,,2018-12-27,AMERICA IS RESPECTED AGAIN!,Donald J. Trump and 124K others,97K,5.8K,20K,264,69,244,10615,/story.php?story_fbid=10161953467410725&id=153080620724
Donald J. Trump,,2018-12-26,"We are already building and renovating many miles of the wall ‚Äì some complete. Democrats must end the shutdown and finish funding. Billions of dollars, and lives, will be saved!",46K,38K,793,7.1K,50,20,163,6515,/story.php?story_fbid=10161950021975725&id=153080620724
Donald J. Trump,,2018-12-25,"On behalf of First Lady Melania Trump and myself, Merry Christmas!",437K,345K,2.3K,88K,526,68,323,45447,/story.php?story_fbid=10161927873805725&id=153080620724
Donald J. Trump,,2018-12-26,"The most important way to stop the drugs, gangs, human trafficking, and massive crime is at our southern border. We need border security and you can‚Äôt have border security without a WALL!",64K,54K,1K,8.6K,73,31,202,7679,/story.php?story_fbid=10161950010260725&id=153080620724
Donald J. Trump,,2018-12-24,"On behalf of the Trump campaign, we would like to wish every American at home and abroad a very Merry Christmas!",73K,58K,522,13K,83,19,93,7955,/story.php?story_fbid=10161937109580725&id=153080620724
Donald J. Trump,,2018-12-22,Today marks one year since we signed the historic Tax Cuts And Jobs Act into law!,57K,47K,1K,8.1K,100,57,229,6692,/story.php?story_fbid=10161927879745725&id=153080620724
"Donald J. Trump,The White House",The White House,2018-12-23,"The only way to stop drugs, gangs, human trafficking, criminal elements and much else from coming into our country is with a wall or barrier.OUR GREAT COUNTRY MUST HAVE BORDER SECURITY!",84K,71K,1.4K,10K,116,36,236,11396,/story.php?story_fbid=10161935920995725&id=153080620724
Donald J. Trump,,2018-12-22,"We are fighting for America every day, and this week, we delivered a major bipartisan victory for the American people with the passage of the HISTORIC First Step Act!",21K,18K,474,2.7K,49,12,97,3665,/story.php?story_fbid=10161924393280725&id=153080620724
Donald J. Trump,,2018-12-23,"We‚Äôre proving the Hollywood elite wrong every day as we continue to accomplish what matters most to the people ‚Äì tax cuts, deregulation, job creation, judicial appointments, and so much more!",21K,17K,688,2.7K,51,11,87,3996,/story.php?story_fbid=10161937696975725&id=153080620724
Donald J. Trump,,2018-12-20,Thank you to our GREAT Republican Members of Congress for your VOTE to fund Border Security and the Wall. The final numbers were 217-185 and many have said that the enthusiasm was greater than they have ever seen before. So proud of you all. Now on to the Senate!,74K,61K,763,11K,246,33,173,7309,/story.php?story_fbid=10161925972145725&id=153080620724
Donald J. Trump,,2018-12-21,"Democrats, it is time to come together and put the SAFETY of the AMERICAN PEOPLE before POLITICS. Border security must become a #1 priority!",58K,49K,1K,8K,92,20,223,8860,/story.php?story_fbid=10161927350760725&id=153080620724
Donald J. Trump,,2018-12-21,"President Donald J. Trump‚Äôs schedule for Friday, December 21st: ¬∑ Signing ceremony for S. 756, ‚ÄúFirst Step Act‚Äù and H.R. 6964, ‚ÄúJuvenile Justice Reform Act‚Äù ¬∑ Signing ceremony for H.R. 7213, ‚ÄúThe Countering Weapons of Mass Destruction Act‚Äù",13K,11K,262,1.6K,40,12,59,2336,/story.php?story_fbid=10161926240780725&id=153080620724
Donald J. Trump,,2018-12-21,We must do whatever it takes to protect our people and our communities. Border security and the wall are DESPERATELY NEEDED!,22K,18K,576,2.8K,42,15,129,5013,/story.php?story_fbid=10161927404530725&id=153080620724
Donald J. Trump,,2018-12-21,It‚Äôs totally up to the Democrats as to whether or not we have a shutdown.,46K,39K,1.6K,4.9K,179,126,391,12203,/story.php?story_fbid=10161928397625725&id=153080620724
Donald J. Trump,,2018-12-20,Congress just passed the Criminal Justice Reform Bill known as the First Step Act. Congratulations! This is a great bipartisan achievement for everybody. When both parties work together we can keep our country safer. A wonderful thing for the U.S.A.!,26K,22K,296,3.2K,71,17,112,3209,/story.php?story_fbid=10161924503640725&id=153080620724
Donald J. Trump,,2018-12-20,Congress must overcome open borders OBSTRUCTION!,26K,22K,542,3.3K,43,11,81,5583,/story.php?story_fbid=10161912972740725&id=153080620724
Donald J. Trump,,2018-12-20,"After historic victories against ISIS, it‚Äôs time to bring our great young people home!",39K,32K,925,6.4K,147,63,292,6648,/story.php?story_fbid=10161923295665725&id=153080620724
Donald J. Trump,,2018-12-20,"So hard to believe that Lindsey Graham would be against saving soldier lives & billions of $$$. Why are we fighting for our enemy, Syria, by staying & killing ISIS for them, Russia, Iran & other locals? Time to focus on our Country & bring our youth back home where they belong!",75K,64K,456,9.3K,731,110,306,8852,/story.php?story_fbid=10161925696750725&id=153080620724
Donald J. Trump,,2018-12-20,We have defeated ISIS in Syria.,47K,38K,3.1K,5.9K,296,64,326,8897,/story.php?story_fbid=10161923064905725&id=153080620724
Donald J. Trump,,2018-12-19,‚ÄùPrison reform marks yet another WIN for President Trump‚Äù  Thank you Alveda King!,35K,31K,501,3.3K,90,34,169,4566,/story.php?story_fbid=10161920500575725&id=153080620724
"Donald J. Trump,The White House",The White House,2018-12-19,"After historic victories against ISIS, it‚Äôs time to bring our great young people home!",36K,29K,656,5.6K,141,41,194,5217,/story.php?story_fbid=10161922037035725&id=153080620724
Donald J. Trump,,2018-12-20,"President Donald J. Trump‚Äôs schedule for Thursday, December 20th: ¬∑ Signing ceremony for H.R. 2, the ‚ÄúAgriculture Improvement Act of 2018‚Äù",10K,8.6K,265,1.2K,19,16,43,2801,/story.php?story_fbid=10161922131710725&id=153080620724
Donald J. Trump,,2018-12-19,"America is the greatest country in the world and my job is to fight for ALL citizens, even those who have made mistakes. Congratulations to the Senate on the bi-partisan passing of a historic Criminal Justice Reform Bill!",12K,10K,299,1.5K,31,10,69,2454,/story.php?story_fbid=10161919158870725&id=153080620724
Donald J. Trump,,2018-12-19,I look forward to signing the FIRST STEP Act into law!,24K,21K,170,2K,137,47,653,3936,/story.php?story_fbid=10161919782180725&id=153080620724
Donald J. Trump,,2018-12-19,"President Donald J. Trump‚Äôs schedule for Wednesday, December 19th: ¬∑ Lunch with the Secretary of State ¬∑ Christmas reception",13K,11K,411,1.7K,32,11,48,3337,/story.php?story_fbid=10161919000315725&id=153080620724
Donald J. Trump,,2018-12-18,"Previous administrations failed to stand up to China‚Äôs unfair trade practices, but not mine. We are dealing from a position of great strength!",21K,17K,533,2.8K,53,10,47,2734,/story.php?story_fbid=10161915641300725&id=153080620724
Donald J. Trump,,2018-12-18,"President Donald J. Trump‚Äôs schedule for Tuesday, December 18th: ¬∑ Roundtable discussion on the Federal Commission on School Safety report",10K,8.9K,264,1.2K,18,3,34,1966,/story.php?story_fbid=10161914425585725&id=153080620724
Donald J. Trump,,2018-12-18,"I was elected because I work hard, but smart. I love getting things done for the American people and finally seeing our country RESPECTED again!",52K,42K,1.5K,8.7K,73,27,96,7031,/story.php?story_fbid=10161915742545725&id=153080620724
Donald J. Trump,,2018-12-18,We must finish the job that we started by being STRONG at the border.,47K,39K,728,7.1K,72,24,112,7597,/story.php?story_fbid=10161912971325725&id=153080620724
Donald J. Trump,,2018-12-17,I am committed to keeping Americans SAFE. When will the Democrats stop playing politics and start protecting their people?,17K,14K,502,1.9K,42,16,90,3244,/story.php?story_fbid=10161911612860725&id=153080620724
Donald J. Trump,,2018-12-17,No administration has done more in the first two years than the Trump Administration. We‚Äôve accomplished more than anyone thought possible ‚Äî and we‚Äôre still not done!,50K,40K,1.2K,9K,96,19,89,6165,/story.php?story_fbid=10161913175285725&id=153080620724
Donald J. Trump,,2018-12-17,Never in the history of our country has the ‚Äúpress‚Äù been more dishonest than it is today.,47K,40K,1.2K,3.3K,230,1K,840,6987,/story.php?story_fbid=10161913178175725&id=153080620724
Donald J. Trump,,2018-12-17,"It's time for us to save billions of dollars a year and have, at the same time, far greater safety and control!",41K,34K,759,5.2K,56,16,117,4729,/story.php?story_fbid=10161911955510725&id=153080620724
Donald J. Trump,,2018-12-17,"""Time magazine was always going to use its 2018 Person of the Year issue as a way of attacking President Donald Trump. That much is clear from the list of finalists...""",22K,12K,1.7K,288,449,829,7.1K,8007,/story.php?story_fbid=10161903575315725&id=153080620724
Donald J. Trump,,2018-12-16,"Democrats want open borders for anyone and anything to come in. I want SECURE borders that keep our citizens safe, keep the criminals OUT, and keep the drugs OUT of our country!",37K,32K,692,4.1K,195,65,327,7231,/story.php?story_fbid=10161903584470725&id=153080620724
Donald J. Trump,,2018-12-16,"Democrats will oppose anything I want, but I want what the American people want, and that‚Äôs border security!",35K,29K,764,4.3K,62,36,108,5453,/story.php?story_fbid=10161908871920725&id=153080620724
Donald J. Trump,,2018-12-14,Democrats are ignoring the FACTS about the crisis at our border.  Chuck and Nancy must give us the votes to get border security!,32K,26K,592,1.4K,371,317,3.2K,9952,/story.php?story_fbid=10161899619985725&id=153080620724
Donald J. Trump,,2018-12-16,"The Paris Agreement isn‚Äôt working out so well for Paris. People do not want to pay large sums of money, much to third world countries, in order to maybe protect the environment.",48K,42K,2.1K,3.4K,232,82,252,4042,/story.php?story_fbid=10161908599535725&id=153080620724
Donald J. Trump,,2018-12-17,"President Donald J. Trump‚Äôs schedule for Monday, December 17th: ¬∑ Lunch with the Vice President ¬∑ Meeting with the Secretary of the Interior ¬∑ Christmas Reception",11K,9.9K,288,1.4K,27,8,34,1976,/story.php?story_fbid=10161911367815725&id=153080620724
Donald J. Trump,,2018-12-14,"Let‚Äôs not do a shutdown, Democrats - do what‚Äôs right for the American People!",Aric Chen ÊõâÂ§© and 104K others,89K,1.8K,13K,275,71,299,12116,/story.php?story_fbid=10161899293050725&id=153080620724
Donald J. Trump,,2018-12-13,"With Opportunity Zones, our goal is to ensure that America‚Äôs great new prosperity is shared by ALL of our citizens.‚Üí https://bit.ly/2EtU1jE",28K,24K,419,3.4K,65,17,60,2540,/story.php?story_fbid=10161895735245725&id=153080620724
Donald J. Trump,,2018-12-13,"President Donald J. Trump‚Äôs schedule for Thursday, December 13th: ¬∑ Meeting with the Secretary of State ¬∑ Meeting with Governors-Elect ¬∑ Christmas reception",13K,11K,300,1.7K,31,13,34,2358,/story.php?story_fbid=10161894838760725&id=153080620724
Donald J. Trump,,2018-12-13,"America is a welcoming country, but we will not allow our generosity to be abused.",64K,52K,643,10K,67,22,111,6601,/story.php?story_fbid=10161896407450725&id=153080620724
Donald J. Trump,,2018-12-13,Happy 382nd Birthday The National Guard. Our entire Nation is forever grateful for all you do 24/7/365. We love you!,28K,24K,165,4K,71,6,32,1870,/story.php?story_fbid=10161896041690725&id=153080620724
Donald J. Trump,,2018-11-02,I love our country and I‚Äôm fighting for our country. We have to take care of AMERICA first!,42K,34K,405,7.6K,55,10,75,3749,/story.php?story_fbid=736159436749362&id=153080620724
Donald J. Trump,,2018-11-04,LATINOS POR TRUMP VOTEN REPUBLICANO Senior Advisory John Pence and RNC Hispanic Spokesperson Yali Nunez discuss why Latinos support President Trump and plan to vote REPUBLICAN on Tuesday. Discuten la importancia del apoyo al presidente y el voto republicano para este Martes. En Espa√±ol with English subtitles,12K,10K,472,1.6K,40,6,40,1660,/story.php?story_fbid=1798197950291488&id=153080620724
Donald J. Trump,,2018-11-06,"We've come so far. Huge economic gains, lowest unemployment in nearly 50 years, and more Americans working than ever before in our HISTORY. If the radical Democrats take power, they will take a giant wrecking ball to the economy and the future of our country!",Jan Morgan and 19K others,15K,374,2.6K,43,7,49,2115,/story.php?story_fbid=563056357480797&id=153080620724
Donald J. Trump,,2018-11-05,"I need strong leaders in Congress like Mike Bishop who will help fulfill my America First agenda, NOT liberal politicians who are funded by Nancy Pelosi! Michigan must VOTE BISHOP tomorrow!",7.8K,6.6K,173,991,21,1,33,1135,/story.php?story_fbid=1831637426934029&id=153080620724
Donald J. Trump,,2018-11-01,"With 6 days to go until the midterms, it's DECISION TIME. We brought in Diamond And Silk to break down what both parties have to offer so you can make the RIGHT choice on Election Day!",12K,10K,336,1.7K,21,5,49,1698,/story.php?story_fbid=246959279508737&id=153080620724
Donald J. Trump,,2018-10-31,"I‚Äôm very proud that my administration is filled with so many women of such incredible talent, including my daughter Ivanka. Together, we‚Äôre making great progress to ensure that America is a place where women can work, succeed, and thrive like never before!",20K,16K,429,2.9K,28,8,62,1692,/story.php?story_fbid=246154319385888&id=153080620724
Donald J. Trump,,2018-10-25,Don't forget ‚Äì Republicans gave you the BIGGEST tax cut in the history of our country!,24K,21K,534,2.8K,52,41,167,4027,/story.php?story_fbid=325805021555530&id=153080620724
Donald J. Trump,,2018-10-26,Don‚Äôt be complacent. There‚Äôs no reason to lose when we have the greatest economy in the history of our country. GO VOTE! vote.donaldjtrump.com,16K,13K,316,2.2K,27,8,66,2519,/story.php?story_fbid=336262927178245&id=153080620724
Donald J. Trump,,2018-10-24,A vote for Ross Spano in FL-15 is a vote for more jobs and bigger paychecks for Florida families! It‚Äôs also a vote for a leader who will stand up for our AMERICA FIRST agenda! Vote Spano on Nov. 6th!,8.2K,7K,179,969,10,8,50,1252,/story.php?story_fbid=255101881871360&id=153080620724
Donald J. Trump,,2018-10-16,"They say the party that holds the White House doesn‚Äôt do well in the midterms, but we can prove history wrong if EVERY Republican gets out and votes just like we did when we WON in 2016! Do not be complacent! vote.donaldjtrump.com",19K,16K,326,2.4K,32,9,68,4814,/story.php?story_fbid=277955899718504&id=153080620724
Donald J. Trump,,2018-10-13,"When you look at the unemployment numbers, the poverty levels, the median income, you see communities being lifted up all across America. Kanye sees it! Dr. Darrell Scott sees it! Wake up America!",25K,21K,438,3.2K,52,8,47,2277,/story.php?story_fbid=298014081030416&id=153080620724
Donald J. Trump,,2018-10-15,Will be leaving for Florida and Georgia with First Lady Melania Trump to tour the hurricane damage. Everyone is working hard ‚Äì we will pull through!,19K,15K,160,2.9K,31,14,34,1905,/story.php?story_fbid=1201270880020088&id=153080620724
Donald J. Trump,,2018-10-10,Federal resources are on the ground. We are absolutely ready.,18K,15K,74,2K,75,485,34,1670,/story.php?story_fbid=2155636524723834&id=153080620724
Donald J. Trump,,2018-10-12,I will be visiting both Florida and Georgia early next week. We are working very hard on every area and every state that was hit ‚Äì we are with you!,17K,14K,75,2.8K,27,27,98,1509,/story.php?story_fbid=569505356812393&id=153080620724
Donald J. Trump,,2018-10-13,"Join me LIVE in Richmond, KY! Great crowd for a #MAGA rally!",63K,41K,788,20K,205,89,533,46493,/story.php?story_fbid=168098567454153&id=153080620724
Donald J. Trump,,2018-10-02,"Join me LIVE in Southaven, MS! Great crowd for a #MAGA rally!",76K,48K,1.2K,25K,290,148,653,65416,/story.php?story_fbid=836629700060037&id=153080620724
Donald J. Trump,,2018-10-04,"Join me LIVE in Rochester, MN! Great crowd for a #MAGA rally!",74K,48K,1K,23K,206,101,681,54903,/story.php?story_fbid=331210490947002&id=153080620724
Donald J. Trump,,2018-09-21,Cindy Hyde-Smith has voted for our agenda in the Senate 100% of the time. She has my complete and total endorsement! We need Cindy to WIN in Mississippi! vote.donaldjtrump.com,13K,11K,228,1.6K,24,11,73,1375,/story.php?story_fbid=1914897168548818&id=153080620724
Donald J. Trump,,2018-09-25,REMEMBER THE MIDTERMS! vote.donaldjtrump.com,23K,19K,403,3K,22,7,49,2789,/story.php?story_fbid=159912594937585&id=153080620724
Donald J. Trump,,2018-10-02,"Democrats have been trying to stop Brett Kavanaugh since before he was even announced. They only know how to obstruct, destroy, and delay!",23K,20K,373,2.3K,66,213,332,3048,/story.php?story_fbid=236244723914717&id=153080620724
Donald J. Trump,,2018-09-17,We‚Äôre doing everything we can to support response efforts following Hurricane Florence. We will finish strong!,7.7K,6.6K,190,928,21,9,16,1004,/story.php?story_fbid=717513885265795&id=153080620724
Donald J. Trump,,2018-09-10,"Economic growth is on fire! But if we don‚Äôt win in the midterms, Democrats will reverse all of the incredible progress we‚Äôve made.  We can‚Äôt let that happen!",16K,14K,524,1.4K,51,24,56,2579,/story.php?story_fbid=2074718002838510&id=153080620724
Donald J. Trump,,2018-09-20,Steel is BACK in a VERY BIG way. Billions of dollars are being spent on new plants all over the country!,32K,28K,548,3.7K,88,11,61,2903,/story.php?story_fbid=325545894690264&id=153080620724
Donald J. Trump,,2018-09-13,My administration is in close coordination with state and local authorities regarding the incoming hurricane. We are ready to help all Americans affected by this crisis and will stay as long as it takes to get the job done!,11K,9.9K,263,1.3K,21,15,38,1455,/story.php?story_fbid=1206702696135195&id=153080620724
Donald J. Trump,,2018-09-18,Thank you to our great U.S. Coast Guard for doing such a tremendous job - thousands of lives being saved!,28K,25K,69,2.9K,657,41,15,1386,/story.php?story_fbid=2169736573282559&id=153080620724
Donald J. Trump,,2018-08-25,Watch this week‚Äôs REAL news to learn how I am fighting for you like no president ever has before!,23K,19K,947,3.1K,46,22,122,3926,/story.php?story_fbid=242204089820625&id=153080620724
Donald J. Trump,,2018-08-24,"While we're busy making America great again, Democrats are working overtime to bring America down. They are NO match for my great supporters!",25K,20K,939,3.1K,58,51,123,3571,/story.php?story_fbid=670371650015344&id=153080620724
Donald J. Trump,,2018-08-22,We have almost 400 people in our administration that have been waiting over a year to get approved. This has never happened before in the history of our country. TOTAL DISGRACE!,23K,17K,577,1.2K,615,640,3.1K,4426,/story.php?story_fbid=242429943082005&id=153080620724
Donald J. Trump,,2018-08-31,Our MOVEMENT to Make America Great Again continues!üá∫üá∏,55K,44K,1.6K,9.1K,90,44,175,5727,/story.php?story_fbid=10161465073905725&id=153080620724
Donald J. Trump,,2018-08-10,RED WAVE!,34K,28K,803,5.6K,85,13,76,3324,/story.php?story_fbid=10161377393220725&id=153080620724
Donald J. Trump,,2018-07-24,"African American, Hispanic American and Asian American unemployment has reached the lowest levels ever recorded. The forgotten men and women of our country are NO LONGER FORGOTTEN!",36K,31K,624,4.5K,149,13,89,3833,/story.php?story_fbid=10161193674145725&id=153080620724
Donald J. Trump,,2018-08-07,Forget the blue wave. There can be a RED WAVE in November ‚Äì but you have to get out and vote!,22K,19K,496,2.7K,32,10,69,2445,/story.php?story_fbid=10161364498205725&id=153080620724
Donald J. Trump,,2018-07-31,This is why we need BORDER SECURITY!‚¨áÔ∏è,37K,28K,525,806,4.5K,827,2.4K,4889,/story.php?story_fbid=10161334599645725&id=153080620724
Donald J. Trump,,2018-07-30,"The Democrats‚Äô strategy of all talk, no action won‚Äôt work. Corey Lewandowski and David Bossie know that WINNING means delivering RESULTS! That‚Äôs what I‚Äôm doing!",15K,13K,431,1.6K,39,10,71,2338,/story.php?story_fbid=10161330772095725&id=153080620724
Donald J. Trump,,2018-08-08,"We‚Äôre taking back our wealth, we‚Äôre taking back our jobs, and our companies are coming back, because this is where the action is!",43K,36K,653,5.4K,73,14,132,3638,/story.php?story_fbid=10161369903570725&id=153080620724
Donald J. Trump,,2018-07-09,"I‚Äôm going to tell NATO you have to start paying your bills. The U.S. is spending far more on NATO than any other country. This is not fair, nor is it acceptable!",31K,26K,447,3.2K,160,72,200,3245,/story.php?story_fbid=10161239001135725&id=153080620724
Donald J. Trump,,2018-07-13,"The United Kingdom and the United States are bound together by a common historic heritage, language, and heroes.",23K,19K,579,2.7K,52,11,91,4021,/story.php?story_fbid=10161257131075725&id=153080620724
Donald J. Trump,,2018-07-07,We will NOT stand for these vile Democrat smears against our law enforcement. We will always stand proudly with the BRAVE HEROES of ICE and BORDER PATROL!,47K,40K,661,6.4K,130,51,289,5236,/story.php?story_fbid=10161226358275725&id=153080620724
Donald J. Trump,,2018-07-16,"Today‚Äôs meeting is only the beginning of a longer process, but we have taken the first step toward a brighter future, and one with a strong dialogue and a lot of thought.",34K,29K,694,4.4K,89,31,464,7239,/story.php?story_fbid=10161270654290725&id=153080620724
Donald J. Trump,,2018-07-12,Great success today at NATO! Billions of additional dollars paid by members since my election. Great spirit!,27K,23K,620,3.2K,77,13,75,2656,/story.php?story_fbid=10161252482280725&id=153080620724
Donald J. Trump,,2018-06-22,"In just six months, more than 600 companies have given out bonuses or pay raises as a result of our HISTORIC tax cuts! We're just getting started!",35K,29K,1K,4.3K,239,33,297,5145,/story.php?story_fbid=10161167883530725&id=153080620724
Donald J. Trump,,2018-06-06,"Today it was my great honor to sign the #VAMissionAct, making veterans choice the permanent law of the land! http://45.wh.gov/dyWJNq",35K,30K,149,5.4K,67,6,40,2284,/story.php?story_fbid=10161097853285725&id=153080620724
Donald J. Trump,,2018-06-08,"For years and years, countries have been taking advantage of the United States on trade. We're going to straighten that out.",86K,72K,1K,7.8K,3.8K,158,1.1K,10136,/story.php?story_fbid=10161106374015725&id=153080620724
Donald J. Trump,,2018-07-05,"Join me LIVE in Great Falls, MT! Great crowd for a #MAGA rally!",88K,58K,1.4K,26K,284,127,885,64917,/story.php?story_fbid=10161223649145725&id=153080620724
Donald J. Trump,,2018-06-29,"I'd like to address the horrific shooting that took place yesterday at Capital Gazette newsroom in Annapolis, Maryland. This attack shocked the conscience of our nation, and filled our hearts with grief...",18K,13K,106,1.3K,68,3.3K,171,2672,/story.php?story_fbid=10161197180780725&id=153080620724
Donald J. Trump,,2018-06-02,Watch this week's Real News Update to hear how America is truly WINNING again!,19K,16K,482,2.6K,38,16,87,3202,/story.php?story_fbid=10161078196530725&id=153080620724
Donald J. Trump,,2018-06-05,Today at 3 PM we will put our hands on our hearts for the Pledge of Allegiance and all PROUDLY STAND for the National Anthem! No NFL escaping to locker rooms!,95K,77K,1.4K,16K,103,33,232,7443,/story.php?story_fbid=10161091754160725&id=153080620724
Donald J. Trump,,2018-05-23,"There will be BIG news coming soon for our great American autoworkers. After many decades of losing your jobs to other countries, you have waited long enough!",23K,19K,392,2.8K,89,10,55,2301,/story.php?story_fbid=10161038480330725&id=153080620724
Donald J. Trump,,2018-05-29,"Join me LIVE in Nashville, Tennessee! Great crowd for a #MAGA rally!",83K,52K,1.3K,28K,324,156,1K,65745,/story.php?story_fbid=10161062539000725&id=153080620724
Donald J. Trump,,2018-05-19,"I will always stand by our allies, stand up for our law enforcement, and stand with the American people.",18K,16K,332,2.4K,36,10,82,2393,/story.php?story_fbid=10161017884515725&id=153080620724
Donald J. Trump,,2018-05-14,"The unemployment rate is at the LOWEST level since the turn of the century. You'd think Democrats would celebrate such good news for our workers, but they can't stand to give us credit!",24K,21K,526,2.7K,85,41,121,2993,/story.php?story_fbid=10161002792125725&id=153080620724
Donald J. Trump,,2018-05-07,The Russia WITCH HUNT is rapidly losing credibility. The 13 angry Democrats in charge are starting to find out that there is a court system in place that actually protects people from injustice!,37K,32K,1.1K,3.4K,97,24,141,4236,/story.php?story_fbid=10160974265555725&id=153080620724
Donald J. Trump,,2018-05-11,I support Bill Schuette for Governor of the great state of Michigan! He will be a fantastic leader and BIG help in accomplishing our MAGA agenda. VOTE Schuette on August 7th!,12K,11K,218,1.2K,15,20,62,1636,/story.php?story_fbid=10160990508390725&id=153080620724
Donald J. Trump,,2018-04-27,Tomorrow night I'm skipping the Fake News Prom (White House Correspondents' Dinner) to be with American patriots who truly want to MAGA! Tune in at 7pm to watch the rally LIVE on Facebook!,61K,48K,3.8K,8.1K,137,48,152,5840,/story.php?story_fbid=10160932294590725&id=153080620724
Donald J. Trump,,2018-05-11,This is truly an exciting time for our country. Many people have never felt prouder to be an American! #MAGA,56K,47K,735,7.8K,250,40,155,4019,/story.php?story_fbid=10160990384895725&id=153080620724
Donald J. Trump,,2018-04-18,The U.S. remains committed to strengthening its deep and long-lasting relationship with the Baltic nations. Friends and allies around the world know they can count on us!,13K,11K,338,1.3K,26,7,45,1314,/story.php?story_fbid=10160894709305725&id=153080620724
Donald J. Trump,,2018-04-18,"There is a REVOLUTION going on in California. Soooo many Sanctuary areas want OUT of this ridiculous, crime infested & breeding concept. The people of the State are not happy!",57K,51K,1.3K,4.4K,391,95,258,4994,/story.php?story_fbid=10160897666240725&id=153080620724
Donald J. Trump,,2018-04-25,"Did you know that at the current rate, it would take 9 YEARS for all of my appointments to get confirmed by Senate? Watch for more from former Press Secretary for Vice President Mike Pence, Marc Lotter.",14K,9.6K,268,482,1K,488,3K,3120,/story.php?story_fbid=10160924721065725&id=153080620724
Donald J. Trump,,2018-04-21,"Another week of Promises Made, Promises Kept. Watch this week's REAL news!",27K,23K,598,3K,59,12,83,3221,/story.php?story_fbid=10160909851165725&id=153080620724
Donald J. Trump,,2018-04-06,"Companies are coming back, jobs are coming back, and millions of American workers are seeing bigger paychecks ‚Äì all thanks to our historic TAX CUTS!",31K,27K,682,3.5K,68,19,101,3720,/story.php?story_fbid=10160847411565725&id=153080620724
Donald J. Trump,,2018-04-04,"We are not in a trade war with China, that war was lost many years ago by the foolish, or incompetent, people who represented the U.S. Now we have a Trade Deficit of $500 Billion a year, with Intellectual Property Theft of another $300 Billion. We cannot let this continue!",41K,36K,661,3.6K,295,59,174,4391,/story.php?story_fbid=10160839213785725&id=153080620724
Donald J. Trump,,2018-04-15,"This week I took bold action to stop the use of chemical weapons, and called on all civilized nations to join us in seeking to end the slaughter and bloodshed in Syria.",27K,22K,1K,2.6K,82,101,599,6162,/story.php?story_fbid=10160884937805725&id=153080620724
Donald J. Trump,,2018-04-17,Our country is really starting to rock with businesses pouring back in. There‚Äôs never been a better time to HIRE and INVEST in AMERICA!,35K,31K,793,3.7K,67,16,111,2919,/story.php?story_fbid=10160889998060725&id=153080620724
Donald J. Trump,,2018-04-12,"The years of failed American leadership are OVER. When it comes to national security, the tougher the better! We will deliver SAFETY and SECURITY.",23K,19K,917,2.4K,58,21,188,3758,/story.php?story_fbid=10160873883775725&id=153080620724
,,"Mar,23,,2018",,43K,37K,658,4.8K,99,26,149,,/DonaldTrump/albums/10160782630980725
Donald J. Trump,,2018-03-24,"No one gets left behind. I am committed to helping ALL Americans achieve the American dream, including our farmers, small businesses, and great veterans!",17K,14K,467,1.9K,31,15,114,3168,/story.php?story_fbid=10160778803710725&id=153080620724
Donald J. Trump,,2018-03-22,Kim Jong-un finally comes to the negotiating table and the Fake News Media has a meltdown. Talks are a good thing! We are winning!,28K,24K,830,2.7K,110,16,70,3188,/story.php?story_fbid=10160772713355725&id=153080620724
Donald J. Trump,,2018-03-23,"To prevent the omnibus situation from ever happening again, I'm calling on Congress to give me a line-item veto for all government spending bills.",22K,17K,464,1.8K,128,217,1.8K,9010,/story.php?story_fbid=10160781576910725&id=153080620724
Donald J. Trump,,2018-03-21,"I called President Putin of Russia to congratulate him on his election victory (in past, Obama called him also). The Fake News Media is now crazed‚Ä¶Getting along with Russia (and others) is a good thing, not a bad thing. PEACE THROUGH STRENGTH!",73K,65K,1.3K,6.4K,143,38,315,9378,/story.php?story_fbid=10160771537735725&id=153080620724
Donald J. Trump,,2018-03-21,"The Democrats think they‚Äôre invincible, but we‚Äôre going to defy the predictions once again ‚Äî We will KEEP the House majority and we will keep FIGHTING for the American people!",30K,25K,768,3.5K,73,44,207,8349,/story.php?story_fbid=10160771597290725&id=153080620724
Donald J. Trump,,2018-02-27,This is a time of great opportunity for our country. We‚Äôre setting records!,23K,19K,540,2.7K,92,10,81,3893,/story.php?story_fbid=10160656061450725&id=153080620724
Donald J. Trump,,2018-02-22,"Question: If all of the Russian meddling took place during the Obama Administration, right up to January 20th, why aren‚Äôt they the subject of the investigation?",31K,27K,873,2.2K,200,42,241,5199,/story.php?story_fbid=10160629157750725&id=153080620724
Donald J. Trump,,2018-02-20,"Thank you to Fox & Friends for the great timeline on all of the failures the Obama Administration had against Russia, including Crimea, Syria and so much more. We are now starting to win again!",39K,33K,1.8K,3.1K,326,34,288,5526,/story.php?story_fbid=10160620784365725&id=153080620724
Donald J. Trump,,2018-02-05,"Thanks to the historic TAX CUTS that I signed into law, your paychecks are going way UP, your taxes are going way DOWN, and America is once again OPEN FOR BUSINESS!",39K,33K,873,5.1K,107,23,175,5537,/story.php?story_fbid=10160549371130725&id=153080620724
Donald J. Trump,,2018-02-22,"Today, it was my great honor to host a School Safety Roundtable at the White House with State and local leaders, law enforcement officers, and education officials. There is nothing more important than protecting our children. They deserve to be safe, and we will deliver!",35K,31K,380,4.1K,47,37,153,4822,/story.php?story_fbid=10160631570085725&id=153080620724
Donald J. Trump,,2018-01-30,"As long as we have confidence in our values, faith in our citizens, and trust in our God, we will not fail. Our families will thrive. Our people will prosper. And our Nation will forever be SAFE and STRONG and PROUD and MIGHTY and FREE.",175K,138K,954,35K,241,39,234,15698,/story.php?story_fbid=10160521834030725&id=153080620724
Donald J. Trump,,2018-02-05,"Thank you to the men and women at the Department of Homeland Security, Customs Border Protection and ICE - for a wonderful job in keeping all fans - at Super Bowl LII safe at last nights game. Great job, and again, THANK YOU! -POTUS Trump",26K,23K,233,2.6K,44,8,43,1811,/story.php?story_fbid=10160548582530725&id=153080620724
Donald J. Trump,,2018-01-31,"My duty, and the sacred duty of every elected official in this chamber, is to defend Americans ‚Äî to protect their safety, their families, their communities, and their right to the American dream. Because AMERICANS are DREAMERS too.",97K,77K,742,18K,113,24,178,7870,/story.php?story_fbid=10160525182750725&id=153080620724
Donald J. Trump,,2018-01-23,"Big win for Republicans as Democrats cave on Shutdown. Now I want a big win for EVERYONE, but especially for our Great Military and Border Security. See you at the negotiating table!",50K,42K,840,6.1K,66,39,224,8415,/story.php?story_fbid=10160482476610725&id=153080620724
